Date,Open,High,Low,Close,Volume,Adj Close
2008-03-17,50.0,52.650002,49.240002000000004,49.389998999999996,1988000,33.581764
2008-03-18,49.849998,52.0,47.75,49.599998,8067600,33.724548999999996
2008-03-19,49.599998,51.0,46.900002,50.099998,3007700,34.064514
2008-03-20,50.200001,50.200001,48.869999,49.150002,3007700,33.418583
2008-03-24,49.810001,51.0,49.810001,51.0,1437000,34.676453
2008-03-25,51.400002,51.75,50.599998,51.75,1100800,35.186401000000004
2008-03-26,51.700001,52.470001,50.299999,50.299999,2023200,34.200501
2008-03-27,50.950001,52.029999,50.0,50.68,8653300,34.458875
2008-03-28,50.950001,52.5,50.560001,51.060001,9961200,34.71725
2008-03-31,52.400002,54.700001,50.0,50.580002,19408900,34.390883
2008-04-01,51.099998,52.189999,49.009997999999996,50.580002,23322500,34.390883
2008-04-02,51.16,52.07,50.150002,51.209998999999996,12944700,34.819238
2008-04-03,51.0,51.5,50.400002,51.049999,12439100,34.710449
2008-04-04,51.48,51.48,50.799999,51.369999,6651000,34.928026
2008-04-07,51.599998,51.599998,50.5,50.669998,7099300,34.452075
2008-04-08,50.41,51.009997999999996,50.209998999999996,50.599998,8283300,34.40448
2008-04-09,50.5,50.59,49.150002,49.380001,8916200,33.574965999999996
2008-04-10,49.490002000000004,49.91,48.5,48.66,14321900,33.085415999999995
2008-04-11,48.490002000000004,48.889998999999996,48.080002,48.330002,11400700,32.86104
2008-04-14,48.299999,48.349998,47.43,48.0,11532500,32.636662
2008-04-15,47.779999,48.349998,47.779999,48.200001,9603400,32.772648
2008-04-16,48.41,49.610001000000004,48.349998,49.459998999999996,14837600,33.629359
2008-04-17,49.720001,50.0,49.419998,49.849998,6660700,33.894532
2008-04-18,50.490002000000004,50.939999,49.380001,49.959998999999996,9630700,33.969325
2008-04-21,50.200001,50.889998999999996,49.130001,50.630001,6528300,34.424879
2008-04-22,50.599998,50.900002,49.919998,50.07,5504900,34.044117
2008-04-23,51.0,52.34,50.900002,52.0,13532300,35.356383
2008-04-24,52.0,52.43,51.5,52.0,5847500,35.356383
2008-04-25,52.139998999999996,52.18,50.75,51.299999,11399700,34.880431
2008-04-28,50.939999,51.299999,50.75,51.07,8382500,34.724047999999996
2008-04-29,51.439999,52.200001,50.259997999999996,52.009997999999996,12325300,35.363181
2008-04-30,51.700001,52.009997999999996,50.91,51.029999,8733100,34.69685
2008-05-01,50.830002,51.169998,50.619999,50.75,7120800,34.50647
2008-05-02,50.900002,51.099998,50.400002,51.02,9291100,34.690052
2008-05-05,50.869999,51.630001,50.630001,50.810001,8398500,34.547267
2008-05-06,50.900002,51.950001,50.849998,51.880001,7588300,35.274792
2008-05-07,51.970001,52.200001,51.310001,51.689999,6391400,35.145604
2008-05-08,51.650002,52.209998999999996,51.5,52.200001,6669700,35.49237
2008-05-09,51.900002,52.459998999999996,51.529999,51.830002,5491700,35.240796
2008-05-12,51.98,52.540001000000004,51.299999,52.470001,5851300,35.675951
2008-05-13,52.419998,52.84,52.040001000000004,52.459998999999996,5986600,35.669151
2008-05-14,52.509997999999996,52.849998,52.400002,52.669998,5381500,35.811935
2008-05-15,52.509997999999996,53.310001,52.099998,53.25,8376500,36.206296
2008-05-16,53.23,53.5,52.349998,53.380001,7172600,36.294688
2008-05-19,53.490002000000004,53.950001,52.93,53.630001,6580200,36.464671
2008-05-20,53.299999,53.939999,52.82,52.91,6887400,35.975120000000004
2008-05-21,53.040001000000004,53.18,51.830002,51.98,6784200,35.342784
2008-05-22,51.82,52.77,51.779999,52.279999,5135200,35.546763
2008-05-23,52.099998,52.98,51.75,51.799999,5197400,35.220397
2008-05-27,51.919998,51.939999,51.119999,51.630001,6505400,35.10481
2008-05-28,51.700001,51.900002,50.830002,51.16,13524100,34.785242
2008-05-29,50.959998999999996,52.16,50.93,52.02,7386900,35.369982
2008-05-30,52.07,52.990002000000004,51.810001,52.66,7047800,35.805137
2008-06-02,52.150002,52.700001,51.919998,52.110001000000004,8668100,35.431176
2008-06-03,52.099998,52.619999,51.669998,51.669998,6552400,35.132005
2008-06-04,51.689999,52.27,51.5,51.950001,6407400,35.322387
2008-06-05,52.029999,52.240002000000004,51.540001000000004,51.810001,6407400,35.227197
2008-06-06,51.5,51.509997999999996,50.400002,50.5,10198500,34.336488
2008-06-09,50.799999,50.950001,49.18,49.490002000000004,9937000,33.649759
2008-06-10,49.009997999999996,49.650002,48.529999,49.490002000000004,8847000,33.649759
2008-06-11,49.490002000000004,50.599998,49.119999,49.860001000000004,12367200,33.901333
2008-06-12,49.869999,51.380001,49.869999,51.290001000000004,11782900,34.873633
2008-06-13,51.279999,51.880001,50.700001,51.610001000000004,7365600,35.091211
2008-06-16,51.169998,51.169998,50.240002000000004,50.73,8251100,34.492871
2008-06-17,50.549999,50.970001,50.119999,50.630001,5633800,34.424879
2008-06-18,50.220001,50.560001,49.82,49.900002,9967500,33.92853
2008-06-19,49.799999,50.580002,49.700001,50.400002,9591400,34.268496
2008-06-20,50.07,50.59,49.77,50.220001,11448200,34.146108
2008-06-23,50.330002,50.700001,49.900002,50.639998999999996,6625800,34.431677
2008-06-24,50.25,51.540001000000004,50.049999,51.169998,8976600,34.79204
2008-06-25,51.450001,52.75,51.25,51.77,10334100,35.2
2008-06-26,51.099998,51.540001000000004,50.150002,50.150002,12055000,34.40421
2008-06-27,50.110001000000004,50.25,49.220001,49.830002,15397700,34.184682
2008-06-30,49.799999,50.169998,48.84,49.389998999999996,9972600,33.882828
2008-07-01,49.029999,50.59,48.73,50.389998999999996,11092000,34.568855
2008-07-02,50.470001,51.07,49.869999,50.599998,7956400,34.712919
2008-07-03,50.57,51.509997999999996,50.290001000000004,51.470001,5151300,35.309764
2008-07-07,51.470001,52.330002,51.099998,51.849998,8395000,35.570452
2008-07-08,51.73,54.0,51.560001,53.77,13977700,36.887624
2008-07-09,53.720001,54.43,53.25,54.0,10411300,37.045409
2008-07-10,53.889998999999996,53.990002000000004,52.709998999999996,53.439999,11581100,36.661234
2008-07-11,52.93,53.84,52.25,53.369999,6588500,36.613212
2008-07-14,53.259997999999996,53.889998999999996,52.75,53.560001,8298900,36.743559000000005
2008-07-15,52.889998999999996,53.869999,52.32,53.299999,8306600,36.56519
2008-07-16,52.77,53.369999,51.73,52.919998,6910000,36.3045
2008-07-17,53.200001,53.200001,50.900002,50.959998999999996,10317300,34.959889000000004
2008-07-18,51.099998,51.470001,50.119999,50.720001,9559600,34.795244
2008-07-21,50.82,50.990002000000004,50.25,50.48,4370800,34.630596999999995
2008-07-22,50.25,52.099998,50.060001,52.049999,8926900,35.707658
2008-07-23,52.59,52.59,50.889998999999996,51.470001,7943800,35.309764
2008-07-24,51.400002,53.09,51.400002,52.459998999999996,8717600,35.988928
2008-07-25,52.27,53.549999,52.27,53.049999,8066100,36.393684
2008-07-28,52.779999,53.25,52.34,52.619999,5131000,36.098692
2008-07-29,52.740002000000004,53.41,52.630001,53.34,7257600,36.592632
2008-07-30,53.560001,54.02,52.669998,53.369999,7355800,36.613212
2008-07-31,53.369999,53.790001000000004,51.34,51.650002,10498800,35.433248999999996
2008-08-01,51.75,52.599998,51.75,52.080002,6718500,35.72824
2008-08-04,52.099998,54.080002,51.279999,53.720001,8962600,36.853322999999996
2008-08-05,53.700001,55.540001000000004,53.599998,55.200001,12884400,37.868641
2008-08-06,54.860001000000004,56.150002,54.709998999999996,55.529999,12660800,38.095028000000006
2008-08-07,55.130001,55.310001,54.299999,54.639998999999996,9282200,37.484465
2008-08-08,54.5,55.5,54.5,55.209998999999996,9266200,37.8755
2008-08-11,54.700001,55.75,54.639998999999996,55.75,9724400,38.245955
2008-08-12,55.610001000000004,56.259997999999996,55.52,55.950001,6690400,38.383161
2008-08-13,55.860001000000004,55.990002000000004,55.369999,55.540001000000004,7810200,38.101890000000004
2008-08-14,55.240002000000004,55.77,54.939999,55.470001,5723200,38.053868
2008-08-15,55.509997999999996,55.700001,55.25,55.57,6561300,38.12247
2008-08-18,55.66,55.700001,54.91,55.009997999999996,5742800,37.738294
2008-08-19,54.759997999999996,55.189999,54.450001,54.509997999999996,5712500,37.395281
2008-08-20,54.549999,54.700001,54.07,54.610001000000004,4411500,37.463885999999995
2008-08-21,54.200001,55.049999,53.549999,54.82,4693100,37.60795
2008-08-22,55.0,55.529999,54.41,55.529999,4342600,38.095028000000006
2008-08-25,55.299999,55.66,54.560001,54.869999,4400200,37.642251
2008-08-26,54.790001000000004,55.099998,54.209998999999996,54.639998999999996,6995000,37.484465
2008-08-27,54.75,54.889998999999996,53.709998999999996,54.099998,5459100,37.114011
2008-08-28,54.009997999999996,54.259997999999996,53.549999,53.919998,5426100,36.990526
2008-08-29,53.759997999999996,54.459998999999996,53.66,53.700001,6060100,36.839602
2008-09-02,53.75,55.32,53.700001,54.810001,8835700,37.601091
2008-09-03,54.75,55.48,54.0,54.07,8236900,37.093431
2008-09-04,54.0,54.200001,53.209998999999996,53.369999,7565900,36.613212
2008-09-05,53.349998,54.209998999999996,53.240002000000004,54.0,7810500,37.045409
2008-09-08,54.0,55.400002,53.689999,54.98,16614500,37.717714
2008-09-09,55.029999,55.73,54.779999,54.779999,11236800,37.580509
2008-09-10,54.900002,55.18,54.32,54.619999,9203000,37.470745
2008-09-11,54.279999,54.810001,53.75,54.810001,8566700,37.976547
2008-09-12,54.389998999999996,54.650002,53.25,53.68,8564300,37.193596
2008-09-15,53.139998999999996,54.119999,52.82,52.82,10481900,36.597722
2008-09-16,51.970001,54.25,49.459998999999996,53.77,15648800,37.255955
2008-09-17,53.490002000000004,53.490002000000004,48.060001,48.98,22145900,33.937077
2008-09-18,49.720001,52.75,49.720001,50.0,22618300,34.643811
2008-09-19,52.169998,52.439999,50.0,51.419998,16822000,35.627694
2008-09-22,50.810001,51.98,49.59,50.029999,10379600,34.664596
2008-09-23,49.889998999999996,50.799999,49.25,49.25,8218900,34.124154
2008-09-24,49.540001000000004,50.189999,48.950001,49.790001000000004,9164800,34.498308
2008-09-25,49.990002000000004,52.0,49.66,51.610001000000004,12454800,35.759342
2008-09-26,50.759997999999996,51.380001,50.009997999999996,50.900002,9314100,35.267401
2008-09-29,50.689999,50.889998999999996,46.799999,46.799999,14648300,32.426607000000004
2008-09-30,48.099998,49.75,47.689999,48.099998,14356400,33.327345
2008-10-01,47.959998999999996,50.82,47.349998,50.779999,11718100,35.184253999999996
2008-10-02,50.389998999999996,51.950001,48.75,49.080002,11218400,34.006366
2008-10-03,49.900002,51.779999,49.450001,49.669998,12181100,34.415161
2008-10-06,48.439999,49.5,44.0,46.119999,25421600,31.955451
2008-10-07,47.650002,47.799999,43.720001,44.360001000000004,14791700,30.73599
2008-10-08,41.950001,45.27,41.369999,43.049999,18701800,29.828321000000003
2008-10-09,43.799999,45.0,38.450001,39.0,17782900,27.022173
2008-10-10,37.009997999999996,45.0,33.299999,39.740002000000004,29162700,27.534902000000002
2008-10-13,42.0,46.0,41.459998999999996,44.990002000000004,19808100,31.172502
2008-10-14,46.869999,46.959998999999996,42.189999,44.040001000000004,18448000,30.514269
2008-10-15,43.869999,44.5,39.700001,40.82,14561500,28.283207
2008-10-16,41.150002,43.880001,39.400002,43.009997999999996,17459500,29.800604999999997
2008-10-17,42.790001000000004,45.48,42.41,43.299999,14269900,30.001540000000002
2008-10-20,43.77,45.09,43.0,43.389998999999996,11162500,30.063899
2008-10-21,43.09,43.889998999999996,41.669998,42.16,9769500,29.211661
2008-10-22,42.5,43.369999,40.299999,40.830002,14755100,28.290136999999998
2008-10-23,41.169998,43.720001,40.0,42.959998999999996,11903100,29.765962
2008-10-24,39.880001,41.5,39.0,40.5,13534300,28.061487
2008-10-27,40.02,40.25,38.869999,39.060001,11106600,27.063746000000002
2008-10-28,40.259997999999996,42.98,38.27,42.580002,15876000,29.502671000000003
2008-10-29,42.459998999999996,43.830002,38.209998999999996,41.549999,12468400,28.789006
2008-10-30,42.779999,43.43,40.75,42.799999,8336900,29.655102000000003
2008-10-31,42.439999,44.32,41.869999,43.470001,11919800,30.119329999999998
2008-11-03,43.23,43.349998,42.459998999999996,42.610001000000004,6143200,29.523456
2008-11-04,43.75,44.939999,43.400002,44.75,9852900,31.006210999999997
2008-11-05,43.93,46.470001,43.509997999999996,44.02,10004000,30.500412
2008-11-06,43.509997999999996,44.0,40.360001000000004,40.880001,11733200,28.324781
2008-11-07,41.150002,42.880001,41.009997999999996,42.200001,6935200,29.239377
2008-11-10,42.880001,43.27,41.299999,42.110001000000004,6064100,29.177018
2008-11-11,41.799999,42.27,40.32,41.32,6880000,28.629645
2008-11-12,41.0,41.0,38.75,39.099998,13244600,27.091459000000004
2008-11-13,38.580002,39.889998999999996,37.009997999999996,39.84,16381800,27.604189
2008-11-14,39.400002,39.66,38.0,38.41,15140300,26.613375
2008-11-17,37.169998,39.98,37.16,38.349998,10496100,26.571802
2008-11-18,38.330002,39.0,36.59,38.549999,16243100,26.710378000000002
2008-11-19,38.310001,38.759997999999996,36.23,36.639998999999996,13955700,25.386983999999998
2008-11-20,36.220001,39.43,36.049999,36.630001,19557600,25.380057
2008-11-21,37.48,38.369999,36.0,38.259997999999996,19190300,26.509443
2008-11-24,38.990002000000004,43.240002000000004,38.240002000000004,41.830002,19287100,28.983014
2008-11-25,42.279999,43.310001,40.419998,41.200001,18246400,28.546501
2008-11-26,40.43,42.560001,39.82,42.5,8658000,29.447239
2008-11-28,42.330002,42.950001,41.650002,42.16,4651400,29.211661
2008-12-01,40.91,41.639998999999996,39.380001,39.68,11708900,27.493329
2008-12-02,40.349998,40.59,39.099998,40.029999,12697300,27.735834000000004
2008-12-03,39.0,41.950001,39.0,41.610001000000004,9148700,28.830579999999998
2008-12-04,41.200001,41.950001,40.41,40.860001000000004,10659500,28.310923
2008-12-05,40.279999,42.400002,39.970001,42.360001000000004,11548000,29.350237
2008-12-08,43.25,43.5,41.75,42.66,10048200,29.558099
2008-12-09,41.799999,42.400002,41.779999,41.970001,12248300,29.080015999999997
2008-12-10,41.950001,42.689999,41.419998,42.299999,10514500,29.308664
2008-12-11,41.91,42.740002000000004,41.509997999999996,41.950001,10582000,29.066158
2008-12-12,40.75,41.709998999999996,40.200001,41.360001000000004,8789500,28.657360999999998
2008-12-15,41.049999,41.900002,40.119999,41.540001000000004,10763100,28.782079
2008-12-16,41.139998999999996,41.599998,40.0,41.02,16539600,28.421783
2008-12-17,40.5,42.810001,40.5,42.029999,12391700,29.121586999999998
2008-12-18,42.23,42.98,41.59,41.959998999999996,13240600,29.073086
2008-12-19,42.419998,42.990002000000004,41.73,41.849998,23861000,28.996869
2008-12-22,41.91,42.279999,41.439999,42.169998,9734300,29.218589
2008-12-23,41.360001000000004,42.810001,41.349998,41.73,7614700,29.288775
2008-12-24,41.98,42.580002,41.400002,42.419998,2736400,29.773059999999997
2008-12-26,42.580002,42.93,42.25,42.459998999999996,2911500,29.801135
2008-12-29,42.5,43.169998,42.02,43.16,10159000,30.292440000000003
2008-12-30,43.389998999999996,44.150002,43.009997999999996,43.91,8737700,30.818838
2008-12-31,43.93,44.5,43.310001,43.509997999999996,7886100,30.538090999999998
2009-01-02,43.470001,45.0,43.279999,44.119999,7250900,30.966229
2009-01-05,43.790001000000004,44.73,43.509997999999996,44.470001,6636900,31.211883
2009-01-06,44.470001,45.02,42.93,43.240002000000004,14051200,30.34859
2009-01-07,43.07,43.650002,42.369999,42.700001,9346100,29.969583
2009-01-08,42.57,42.889998999999996,42.0,42.700001,8728300,29.969583
2009-01-09,42.860001000000004,43.330002,42.110001000000004,42.32,8594600,29.702873999999998
2009-01-12,42.310001,43.029999,41.650002,41.830002,8829000,29.358963
2009-01-13,41.889998999999996,42.799999,41.630001,42.189999,9938300,29.611631
2009-01-14,41.439999,41.740002000000004,40.66,41.560001,10078000,29.169459000000003
2009-01-15,41.330002,41.939999,40.700001,41.48,9398100,29.113309
2009-01-16,41.93,42.450001,40.939999,42.119999,9670400,29.562501
2009-01-20,41.98,42.860001000000004,41.330002,41.48,9878900,29.113309
2009-01-21,42.029999,42.029999,40.400002,41.41,10609200,29.064178000000002
2009-01-22,41.099998,41.220001,40.400002,40.959998999999996,9756100,28.748339
2009-01-23,40.529999,41.439999,39.75,41.220001,9972300,28.930825
2009-01-26,41.32,42.380001,40.880001,41.130001,9750300,28.867657
2009-01-27,41.279999,41.82,40.02,40.150002,11807500,28.179831
2009-01-28,40.810001,40.84,39.599998,39.990002000000004,9369300,28.067533
2009-01-29,39.709998999999996,40.200001,38.66,38.75,9528900,27.197221000000003
2009-01-30,38.970001,39.009997999999996,36.990002000000004,37.150002,19184600,26.07424
2009-02-02,36.68,37.73,36.650002,37.41,11974800,26.256722999999997
2009-02-03,37.98,38.650002,37.470001,38.32,11844600,26.895419
2009-02-04,38.509997999999996,38.709998999999996,35.150002,36.779999,20294800,25.814548000000002
2009-02-05,36.110001000000004,37.299999,35.82,37.259997999999996,14638200,26.151443
2009-02-06,37.209998999999996,37.459998999999996,36.52,36.830002,12779500,25.849644
2009-02-09,36.75,37.029999,36.529999,36.720001,8706900,25.772438
2009-02-10,36.650002,36.900002,35.900002,36.040001000000004,12692000,25.295171
2009-02-11,36.310001,36.560001,35.950001,36.369999,10399900,25.526784
2009-02-12,36.009997999999996,36.470001,35.799999,36.150002,11930000,25.372376000000003
2009-02-13,36.09,36.259997999999996,35.68,35.990002000000004,11326400,25.260078
2009-02-17,35.32,35.400002,34.5,34.73,12750800,24.375728
2009-02-18,34.959998999999996,35.630001,34.790001000000004,35.400002,13314100,24.845978
2009-02-19,35.82,36.040001000000004,35.41,35.91,9859700,25.203928
2009-02-20,35.290001000000004,35.919998,35.25,35.630001,13236100,25.007407
2009-02-23,36.07,36.07,35.029999,35.110001000000004,10778400,24.642437
2009-02-24,35.34,35.34,34.599998,34.900002,12551600,24.495046
2009-02-25,34.779999,35.200001,34.509997999999996,34.799999,26323300,24.424858999999998
2009-02-26,35.080002,35.450001,34.200001,34.209998999999996,10910900,24.010759
2009-02-27,33.66,34.110001000000004,33.419998,33.470001,13862200,23.491381
2009-03-02,32.790001000000004,33.5,32.529999,32.75,16290300,22.986038
2009-03-03,32.610001000000004,33.049999,32.25,32.34,14967700,22.698273999999998
2009-03-04,32.860001000000004,33.720001,32.599998,33.490002000000004,14920300,23.505419
2009-03-05,32.790001000000004,33.099998,32.040001000000004,32.950001,16889400,23.126412
2009-03-06,33.189999,33.450001,32.509997999999996,33.34,15374600,23.400138000000002
2009-03-09,33.0,34.279999,32.959998999999996,34.07,12549200,23.912498
2009-03-10,34.59,34.59,33.360001000000004,34.049999,11017200,23.898460999999998
2009-03-11,34.330002,34.439999,33.459998999999996,33.650002,9251500,23.617717000000003
2009-03-12,33.75,34.709998999999996,33.279999,34.639998999999996,7669500,24.31256
2009-03-13,34.849998,36.150002,34.75,36.009997999999996,11342200,25.274113
2009-03-16,36.220001,37.450001,36.169998,37.16,9206700,26.081257
2009-03-17,36.860001000000004,38.779999,36.470001,38.599998,13755200,27.09194
2009-03-18,38.220001,39.259997999999996,37.950001,38.279999,12208500,26.867344
2009-03-19,38.259997999999996,38.400002,37.150002,37.209998999999996,12822800,26.11635
2009-03-20,37.400002,38.689999,37.400002,38.360001000000004,18304800,26.923494
2009-03-23,38.650002,38.650002,37.57,38.119999,13056400,27.137059000000004
2009-03-24,37.720001,39.09,37.720001,38.799999,13010100,27.621140999999998
2009-03-25,39.099998,39.279999,38.189999,38.580002,7969300,27.464528
2009-03-26,38.810001,38.84,37.970001,38.299999,12736300,27.265199
2009-03-27,38.360001000000004,38.389998999999996,37.27,37.580002,8728900,26.752643
2009-03-30,37.490002000000004,37.880001,36.450001,36.73,8717500,26.147539000000002
2009-03-31,36.599998,36.939999,35.490002000000004,35.580002,14856400,25.328873
2009-04-01,35.220001,36.369999,35.150002,36.220001,10944400,25.784479
2009-04-02,36.439999,36.630001,35.689999,36.09,13244100,25.691933
2009-04-03,36.040001000000004,36.389998999999996,35.799999,36.200001,10122200,25.770241
2009-04-06,36.290001000000004,37.450001,35.970001,37.330002,8652200,26.574671999999996
2009-04-07,36.849998,37.5,36.599998,36.98,11754800,26.325509999999998
2009-04-08,37.18,38.349998,36.650002,38.25,8867500,27.229605
2009-04-09,38.959998999999996,38.959998999999996,37.439999,37.709998999999996,7901000,26.845185999999998
2009-04-13,37.509997999999996,37.82,36.970001,37.080002,6492600,26.396701
2009-04-14,36.740002000000004,36.799999,35.91,36.439999,8350900,25.941092
2009-04-15,36.220001,37.869999,36.220001,37.799999,8083600,26.909256
2009-04-16,38.080002,38.080002,37.02,38.0,7073300,27.051634000000004
2009-04-17,38.09,38.169998,37.18,37.32,8923900,26.567552000000003
2009-04-20,36.880001,37.630001,36.689999,36.91,8869300,26.275678999999997
2009-04-21,36.810001,37.139998999999996,36.459998999999996,36.889998999999996,7414300,26.261440999999998
2009-04-22,36.66,37.220001,36.25,36.25,9480500,25.805835000000002
2009-04-23,36.419998,37.349998,36.029999,37.0,8630200,26.339748999999998
2009-04-24,37.259997999999996,37.959998999999996,37.049999,37.43,9252600,26.645859
2009-04-27,36.970001,37.650002,36.970001,37.189999,7162400,26.475006
2009-04-28,36.799999,37.369999,36.650002,36.830002,7996400,26.218728999999996
2009-04-29,36.849998,37.630001,36.580002,36.84,9783500,26.225846999999998
2009-04-30,37.060001,37.34,36.189999,36.200001,18185200,25.770241
2009-05-01,36.279999,37.200001,36.18,37.18,8875400,26.467888000000002
2009-05-04,37.279999,38.200001,37.200001,38.130001,8676300,27.144178999999998
2009-05-05,37.939999,38.279999,37.18,37.290001000000004,6827400,26.546196000000002
2009-05-06,37.700001,39.599998,37.25,39.290001000000004,11361000,27.969965999999996
2009-05-07,39.48,40.91,39.02,40.869999,14231000,29.094742999999998
2009-05-08,41.18,41.66,40.509997999999996,41.099998,8746800,29.258476
2009-05-11,40.509997999999996,40.91,40.049999,40.549999,7628300,28.866940000000003
2009-05-12,40.759997999999996,42.169998,40.330002,41.84,10475100,29.785271999999996
2009-05-13,41.380001,42.040001000000004,40.869999,41.77,8644100,29.735440999999998
2009-05-14,41.720001,42.700001,41.630001,42.419998,9419200,30.198164000000002
2009-05-15,42.450001,43.330002,41.849998,43.169998,11214600,30.732078
2009-05-18,43.450001,43.700001,42.48,42.689999,9992400,30.390373999999998
2009-05-19,42.599998,42.720001,41.98,42.220001,9561600,30.055790000000002
2009-05-20,42.529999,43.470001,42.060001,43.189999,7575100,30.746315999999997
2009-05-21,43.130001,43.130001,42.299999,42.810001,7137700,30.475802
2009-05-22,42.139998999999996,43.18,42.139998999999996,42.709998999999996,5314000,30.404612
2009-05-26,42.459998999999996,42.57,41.849998,42.130001,10845800,29.99172
2009-05-27,42.049999,42.099998,41.32,41.650002,8896000,29.650015000000003
2009-05-28,41.450001,42.880001,41.450001,42.540001000000004,7339600,30.283593
2009-05-29,42.720001,42.720001,41.950001,42.639998999999996,8213000,30.354779999999998
2009-06-01,42.68,43.880001,42.68,43.630001,9056300,31.059547
2009-06-02,43.490002000000004,44.889998999999996,43.330002,44.599998,7371900,31.750073999999998
2009-06-03,44.139998999999996,44.529999,43.919998,44.189999,10864300,31.458201000000003
2009-06-04,44.150002,44.66,43.439999,44.43,7750800,31.629054999999997
2009-06-05,44.700001,45.439999,44.060001,44.099998,8512800,31.394132
2009-06-08,43.779999,44.970001,43.439999,44.529999,6577900,31.700242
2009-06-09,44.57,44.57,43.549999,43.849998,11056800,31.21616
2009-06-10,43.860001000000004,44.290001000000004,42.790001000000004,43.52,8962500,30.981240000000003
2009-06-11,43.419998,44.990002000000004,43.400002,43.880001,10803200,31.237519
2009-06-12,43.669998,44.5,43.200001,43.52,7668100,30.981240000000003
2009-06-15,43.09,43.580002,42.830002,42.889998999999996,10373700,30.532751
2009-06-16,43.099998,43.279999,42.220001,42.259997999999996,9264500,30.084263
2009-06-17,42.220001,42.360001000000004,41.82,41.900002,8242700,29.827987
2009-06-18,42.040001000000004,43.119999,41.939999,42.529999,10791600,30.276472
2009-06-19,42.709998999999996,42.900002,42.0,42.150002,17642100,30.005958000000003
2009-06-22,41.540001000000004,41.759997999999996,41.150002,41.580002,14083200,29.984325
2009-06-23,41.310001,41.73,41.279999,41.459998999999996,10973300,29.897788000000002
2009-06-24,41.560001,41.990002000000004,41.34,41.630001,9114600,30.02038
2009-06-25,41.419998,43.060001,41.380001,42.98,8934400,30.993896000000003
2009-06-26,41.900002,42.990002000000004,41.75,42.610001000000004,8200400,30.727081
2009-06-29,42.77,43.439999,42.5,43.389998999999996,7483800,31.289557000000002
2009-06-30,43.470001,43.720001,42.509997999999996,43.619999,14363200,31.455415000000002
2009-07-01,43.900002,44.610001000000004,43.799999,44.09,9547600,31.794344
2009-07-02,43.599998,43.98,42.830002,42.939999,8503900,30.96505
2009-07-06,42.599998,44.32,42.299999,44.150002,7843300,31.837612
2009-07-07,44.060001,44.84,43.639998999999996,43.75,9543000,31.549162
2009-07-08,43.990002000000004,44.240002000000004,43.240002000000004,43.490002000000004,8664800,31.361671
2009-07-09,43.66,43.66,42.130001,42.34,7482700,30.532377
2009-07-10,43.060001,43.57,42.02,42.349998,6827000,30.539587
2009-07-13,42.540001000000004,43.119999,42.290001000000004,42.900002,6203100,30.936208
2009-07-14,42.869999,42.98,42.52,42.66,6033000,30.763137
2009-07-15,42.880001,44.080002,42.75,44.029999,6779000,31.751075
2009-07-16,43.5,43.869999,43.009997999999996,43.299999,7422300,31.224655
2009-07-17,43.5,44.07,43.029999,44.0,6574300,31.729443
2009-07-20,44.220001,44.220001,43.23,43.950001,9231100,31.693387
2009-07-21,44.07,44.490002000000004,43.349998,43.900002,5925600,31.657331
2009-07-22,43.799999,44.25,43.709998999999996,43.880001,5176300,31.642909000000003
2009-07-23,44.439999,47.0,44.349998,46.02,11303200,33.186113
2009-07-24,45.900002,47.389998999999996,45.59,47.299999,9537600,34.10915
2009-07-27,47.169998,48.630001,46.34,46.700001,8754300,33.676477
2009-07-28,45.740002000000004,46.580002,45.740002000000004,46.48,7305300,33.517829
2009-07-29,46.25,46.959998999999996,46.029999,46.82,5761000,33.763011
2009-07-30,46.91,47.490002000000004,46.650002,46.82,6425200,33.763011
2009-07-31,46.68,47.740002000000004,46.43,46.599998,6473700,33.604363
2009-08-03,47.029999,47.889998999999996,46.650002,46.82,9388900,33.763011
2009-08-04,46.779999,47.349998,46.549999,46.98,5132200,33.878391
2009-08-05,46.91,47.060001,46.5,46.77,6272700,33.726956
2009-08-06,46.84,47.02,46.34,46.990002000000004,4758300,33.885604
2009-08-07,47.310001,47.470001,46.700001,47.060001,5111600,33.936082
2009-08-10,46.630001,47.240002000000004,46.59,47.200001,5780900,34.037039
2009-08-11,47.189999,47.799999,46.73,46.790001000000004,6113300,33.741378000000005
2009-08-12,46.599998,47.150002,46.48,46.540001000000004,5808900,33.561097
2009-08-13,46.540001000000004,46.779999,46.049999,46.43,5642900,33.481773
2009-08-14,46.310001,46.950001,46.029999,46.619999,4689400,33.618786
2009-08-17,46.080002,46.740002000000004,45.389998999999996,45.459998999999996,7421600,32.782283
2009-08-18,45.450001,46.700001,45.029999,46.32,6601600,33.402449
2009-08-19,46.0,46.099998,45.400002,45.790001000000004,7579800,33.020255
2009-08-20,45.779999,46.639998999999996,45.619999,46.48,5494100,33.517829
2009-08-21,46.700001,47.18,46.389998999999996,46.869999,7337000,33.799067
2009-08-24,46.669998,47.560001,46.669998,47.43,6390600,34.202897
2009-08-25,47.34,47.52,46.779999,46.799999,9507000,33.748588
2009-08-26,46.630001,47.25,46.549999,46.68,7146900,33.662054
2009-08-27,46.669998,46.900002,46.0,46.27,6784100,33.366394
2009-08-28,46.099998,46.259997999999996,45.290001000000004,45.360001000000004,7727300,32.710171
2009-08-31,45.240002000000004,45.900002,45.240002000000004,45.709998999999996,8126700,32.962563
2009-09-01,45.669998,45.93,45.080002,45.16,7414300,32.565946000000004
2009-09-02,45.049999,45.990002000000004,45.0,45.639998999999996,6145200,32.912085
2009-09-03,45.950001,45.950001,45.130001,45.82,7037900,33.041888
2009-09-04,45.759997999999996,46.139998999999996,45.650002,46.049999,4768900,33.207746
2009-09-08,46.389998999999996,47.48,45.919998,47.450001,10048800,34.21732
2009-09-09,47.25,47.630001,46.759997999999996,47.220001,6826100,34.051462
2009-09-10,47.240002000000004,47.48,46.459998999999996,46.82,6629700,33.763011
2009-09-11,46.75,47.84,46.619999,47.419998,7410600,34.195684
2009-09-14,47.009997999999996,47.990002000000004,46.810001,47.66,7043700,34.368755
2009-09-15,47.75,47.900002,46.709998999999996,46.900002,7110100,33.820702000000004
2009-09-16,47.119999,47.549999,46.919998,47.5,7671100,34.253376
2009-09-17,47.509997999999996,48.02,47.470001,47.529999,7710400,34.275008
2009-09-18,47.650002,48.5,47.650002,48.18,17568500,34.74374
2009-09-21,48.099998,48.540001000000004,48.0,48.43,5370500,34.924021
2009-09-22,48.650002,48.93,48.220001,48.93,7484100,35.284583000000005
2009-09-23,49.040001000000004,49.950001,48.900002,49.400002,8995600,35.623512
2009-09-24,49.099998,49.099998,48.150002,48.290001000000004,10624100,35.236775
2009-09-25,48.099998,48.200001,47.5,47.639998999999996,6395200,34.762474
2009-09-28,47.700001,48.290001000000004,47.66,48.02,4432700,35.039758
2009-09-29,48.139998999999996,48.959998999999996,48.02,48.720001,5636300,35.550542
2009-09-30,48.709998999999996,48.849998,47.91,48.740002000000004,8976900,35.565135999999995
2009-10-01,48.68,48.740002000000004,48.119999,48.32,7630200,35.258665
2009-10-02,48.119999,48.490002000000004,48.0,48.360001000000004,6963100,35.287853000000005
2009-10-05,48.5,49.27,47.77,49.049999,9709500,35.791339
2009-10-06,49.169998,50.029999,49.130001,49.91,8904300,36.418873
2009-10-07,49.799999,49.860001000000004,49.400002,49.59,9683800,36.185371999999994
2009-10-08,49.860001000000004,50.599998,49.740002000000004,50.349998,7524100,36.739936
2009-10-09,50.669998,50.970001,49.860001000000004,50.189999,5219400,36.623186
2009-10-12,50.380001,50.549999,50.049999,50.450001,3310400,36.812907
2009-10-13,50.279999,50.400002,49.639998999999996,49.880001,5416900,36.396983
2009-10-14,50.119999,50.580002,49.509997999999996,50.330002,5591900,36.725345000000004
2009-10-15,50.09,50.700001,50.080002,50.380001,7219200,36.761829
2009-10-16,50.189999,51.25,50.080002,50.950001,8630700,37.177752000000005
2009-10-19,51.060001,51.779999,50.759997999999996,51.450001,6689900,37.542598
2009-10-20,51.560001,52.349998,51.450001,51.549999,8639700,37.615565999999994
2009-10-21,51.299999,51.700001,50.43,50.82,7966000,37.082892
2009-10-22,50.689999,50.790001000000004,48.5,49.459998999999996,13783700,36.090512
2009-10-23,49.369999,49.439999,48.68,49.07,7676500,35.805933
2009-10-26,49.259997999999996,49.52,48.599998,48.75,7051800,35.572432
2009-10-27,48.779999,49.25,48.389998999999996,48.91,7695000,35.689182
2009-10-28,48.650002,49.470001,48.580002,48.959998999999996,8683600,35.725666
2009-10-29,48.990002000000004,49.330002,48.450001,49.009997999999996,7444900,35.76215
2009-10-30,49.0,49.0,47.07,47.360001000000004,15503500,34.558162
2009-11-02,47.380001,48.709998999999996,47.080002,48.57,9781700,35.441086999999996
2009-11-03,48.259997999999996,48.380001,47.650002,47.849998,8170400,34.915709
2009-11-04,48.029999,48.220001,47.290001000000004,47.380001,8214700,34.572756
2009-11-05,47.599998,48.790001000000004,47.599998,48.66,8068900,35.50676
2009-11-06,48.48,48.919998,48.189999,48.830002,6527600,35.630808
2009-11-09,49.110001000000004,50.0,48.950001,49.869999,6462200,36.389685
2009-11-10,49.619999,50.369999,49.43,49.830002,5521100,36.360499
2009-11-11,50.07,50.25,49.290001000000004,49.349998,4880900,36.010245
2009-11-12,49.259997999999996,50.25,49.25,49.959998999999996,6943900,36.455357
2009-11-13,50.07,50.290001000000004,49.740002000000004,50.150002,5836000,36.594
2009-11-16,50.099998,50.849998,50.0,50.639998999999996,8650100,36.951547
2009-11-17,50.509997999999996,50.98,50.41,50.610001000000004,6530400,36.929657
2009-11-18,50.490002000000004,50.610001000000004,50.200001,50.52,6059900,36.863985
2009-11-19,50.209998999999996,50.380001,49.91,50.139998999999996,6392100,36.586702
2009-11-20,50.009997999999996,50.279999,49.630001,49.73,7772400,36.287529
2009-11-23,49.880001,50.380001,49.669998,50.07,7239600,36.535624
2009-11-24,50.09,50.720001,50.049999,50.32,8046800,36.718046
2009-11-25,50.349998,50.57,50.150002,50.310001,5797300,36.710751
2009-11-27,49.490002000000004,50.25,49.119999,49.990002000000004,3605100,36.47725
2009-11-30,49.959998999999996,49.990002000000004,48.009997999999996,48.09,17340200,35.090835999999996
2009-12-01,48.529999,49.470001,48.5,49.169998,9529700,35.878901
2009-12-02,49.169998,49.830002,49.060001,49.169998,5426800,35.878901
2009-12-03,49.200001,49.830002,49.130001,49.48,8830500,36.105106
2009-12-04,49.779999,50.5,49.419998,49.82,8208200,36.353201
2009-12-07,49.610001000000004,50.150002,49.540001000000004,49.84,8917400,36.367795
2009-12-08,49.599998,49.91,48.450001,49.040001000000004,8198300,35.784043
2009-12-09,49.490002000000004,49.669998,48.66,49.060001,7889500,35.798637
2009-12-10,49.27,49.59,48.700001,48.869999,6891500,35.659994
2009-12-11,48.869999,49.32,48.400002,48.48,9229600,35.375415000000004
2009-12-14,49.560001,50.439999,49.330002,50.259997999999996,12467800,36.674264
2009-12-15,49.810001,50.389998999999996,49.75,50.07,7803800,36.535624
2009-12-16,50.0,50.540001000000004,49.93,50.080002,9946200,36.542922
2009-12-17,49.959998999999996,49.98,49.209998999999996,49.290001000000004,8658000,35.966466
2009-12-18,49.77,49.77,48.32,48.66,20178700,35.50676
2009-12-21,49.150002,49.459998999999996,48.990002000000004,49.25,9102000,35.937277
2009-12-22,49.419998,49.830002,49.349998,49.599998,7071100,36.192668
2009-12-23,48.93,49.32,48.720001,48.799999,7117600,36.030239
2009-12-24,48.759997999999996,49.080002,48.759997999999996,48.900002,2514400,36.104073
2009-12-28,48.900002,49.080002,48.73,48.849998,4449200,36.067155
2009-12-29,48.779999,48.990002000000004,48.599998,48.849998,4916000,36.067155
2009-12-30,48.59,48.950001,48.459998999999996,48.66,4561400,35.926874
2009-12-31,48.59,48.880001,48.119999,48.189999,4383100,35.579861
2010-01-04,48.330002,49.59,48.25,49.349998,7844500,36.436316999999995
2010-01-05,49.369999,49.57,48.759997999999996,48.919998,7168600,36.118837
2010-01-06,48.66,49.0,48.290001000000004,48.919998,11777200,36.118837
2010-01-07,48.77,49.599998,48.560001,49.529999,8905400,36.569216
2010-01-08,49.32,49.52,48.779999,49.259997999999996,6580800,36.369868
2010-01-11,49.779999,49.799999,49.25,49.439999,6090900,36.502765999999994
2010-01-12,49.369999,49.369999,48.849998,49.169998,6752900,36.303418
2010-01-13,49.169998,49.889998999999996,49.169998,49.669998,5926400,36.672581
2010-01-14,49.48,49.98,49.48,49.599998,4602200,36.620898
2010-01-15,49.66,49.970001,49.459998999999996,49.619999,8269200,36.635665
2010-01-19,49.599998,50.200001,49.509997999999996,50.09,8804100,36.982678
2010-01-20,49.900002,49.91,48.700001,49.240002000000004,6461400,36.355104
2010-01-21,49.220001,49.310001,47.59,47.73,10276000,35.240232
2010-01-22,47.599998,47.77,46.709998999999996,46.810001,8717000,34.560975
2010-01-25,47.09,47.630001,47.02,47.049999,5880900,34.738171
2010-01-26,46.689999,47.400002,46.689999,47.0,5858200,34.701254999999996
2010-01-27,46.849998,47.099998,46.220001,46.639998999999996,5177700,34.435458000000004
2010-01-28,46.66,47.099998,46.02,46.209998999999996,5594200,34.117978
2010-01-29,46.529999,47.09,45.43,45.509997999999996,7064100,33.601151
2010-02-01,45.740002000000004,46.23,45.630001,46.110001000000004,8066200,34.044146999999995
2010-02-02,46.209998999999996,47.720001,46.07,47.599998,8715600,35.144249
2010-02-03,47.330002,47.439999,46.810001,46.970001,5001800,34.679107
2010-02-04,46.599998,46.810001,45.900002,45.939999,6728400,33.91863
2010-02-05,46.220001,46.220001,45.009997999999996,45.66,8451200,33.7119
2010-02-08,45.310001,46.279999,45.310001,45.529999,5242500,33.615916999999996
2010-02-09,45.93,47.0,45.700001,46.849998,8742400,34.590506
2010-02-10,46.810001,47.09,46.389998999999996,46.810001,6480000,34.560975
2010-02-11,46.650002,48.93,46.049999,48.669998,16677800,35.934256
2010-02-12,48.349998,49.93,48.200001,49.290001000000004,13040700,36.392019
2010-02-16,49.599998,49.919998,49.060001,49.419998,11304100,36.488
2010-02-17,49.509997999999996,49.889998999999996,49.349998,49.830002,7402400,36.790715000000006
2010-02-18,49.59,50.349998,49.59,50.279999,7533300,37.122959
2010-02-19,50.200001,50.41,49.799999,49.98,8931900,36.901462
2010-02-22,50.0,50.07,49.68,49.75,8233500,36.731648
2010-02-23,49.75,50.0,49.18,49.299999,10514700,36.399401
2010-02-24,49.32,49.970001,48.970001,49.830002,8305900,36.790715000000006
2010-02-25,49.43,49.880001,49.0,49.610001000000004,9596000,36.628283
2010-02-26,49.619999,49.630001,48.950001,48.98,8502800,36.163138000000004
2010-03-01,49.049999,49.25,48.790001000000004,48.93,8198300,36.126222
2010-03-02,49.389998999999996,50.09,49.110001000000004,49.810001,7126700,36.775948
2010-03-03,49.82,50.169998,49.720001,49.98,7166800,36.901462
2010-03-04,50.16,50.799999,50.060001,50.66,7350200,37.403523
2010-03-05,50.75,51.380001,50.52,51.25,7140400,37.839135
2010-03-08,51.130001,51.279999,50.689999,50.790001000000004,6970700,37.499506
2010-03-09,50.610001000000004,50.779999,50.200001,50.380001,6203800,37.196793
2010-03-10,50.25,50.41,49.849998,50.299999,5967300,37.137726
2010-03-11,50.290001000000004,50.509997999999996,49.68,50.240002000000004,8066600,37.093428
2010-03-12,50.25,50.5,49.950001,50.139998999999996,6118200,37.019594
2010-03-15,50.049999,51.119999,49.810001,50.919998,9131000,37.595486
2010-03-16,50.98,51.43,50.82,51.240002000000004,5970200,37.831753000000006
2010-03-17,51.450001,51.919998,51.27,51.830002,6784300,38.267364
2010-03-18,51.939999,51.990002000000004,51.650002,51.82,6092500,38.25998
2010-03-19,52.68,52.849998,51.830002,52.68,15243800,38.894939
2010-03-22,52.389998999999996,53.07,52.23,52.889998999999996,6994400,39.049987
2010-03-23,52.200001,52.439999,51.689999,52.439999,7052200,39.147032
2010-03-24,52.43,52.700001,51.84,51.889998999999996,8034100,38.736451
2010-03-25,52.119999,52.529999,51.66,51.720001,6076200,38.609546
2010-03-26,51.779999,52.450001,51.68,52.119999,5112400,38.908149
2010-03-29,52.27,52.740002000000004,52.25,52.529999,7271600,39.214218
2010-03-30,52.619999,52.919998,52.16,52.490002000000004,4820600,39.18436
2010-03-31,52.5,52.5,51.950001,52.16,6486100,38.93801
2010-04-01,52.240002000000004,52.68,52.16,52.470001,5846800,39.169429
2010-04-05,52.599998,52.990002000000004,52.360001000000004,52.849998,4390900,39.453101000000004
2010-04-06,52.639998999999996,52.950001,52.549999,52.650002,4451200,39.303801
2010-04-07,52.57,52.799999,52.290001000000004,52.52,5572600,39.206754
2010-04-08,52.290001000000004,52.720001,52.209998999999996,52.369999,4755700,39.094776
2010-04-09,52.759997999999996,52.810001,52.029999,52.75,4844300,39.378451
2010-04-12,52.860001000000004,53.200001,52.740002000000004,52.950001,5055600,39.527753999999995
2010-04-13,52.779999,52.82,52.080002,52.459998999999996,4531800,39.161962
2010-04-14,52.09,52.09,50.799999,51.299999,12739900,38.296009999999995
2010-04-15,50.650002,51.619999,50.650002,51.59,6596800,38.512499
2010-04-16,51.450001,51.68,50.560001,50.740002000000004,8822900,37.877965
2010-04-19,50.549999,51.439999,50.549999,51.349998,5769800,38.333335
2010-04-20,51.48,53.91,51.16,51.919998,6890900,38.758846000000005
2010-04-21,51.970001,52.869999,51.799999,51.990002000000004,6611300,38.811104
2010-04-22,50.380001,51.32,50.080002,51.240002000000004,10098900,38.251221
2010-04-23,51.18,51.23,50.599998,51.139998999999996,6457700,38.176567999999996
2010-04-26,51.040001000000004,51.139998999999996,50.060001,50.130001,7802200,37.422593
2010-04-27,50.009997999999996,50.07,48.220001,48.439999,12135800,36.160988
2010-04-28,48.669998,49.34,48.529999,49.09,9074100,36.646221000000004
2010-04-29,49.450001,50.299999,49.330002,49.580002,7819100,37.012013
2010-04-30,49.470001,49.810001,49.02,49.080002,6884400,36.638757
2010-05-03,49.32,49.68,49.150002,49.419998,6482700,36.892568
2010-05-04,49.009997999999996,49.75,48.860001000000004,49.0,9986300,36.579035
2010-05-05,48.889998999999996,49.549999,48.5,48.709998999999996,7506100,36.362546
2010-05-06,48.5,48.91,44.0,47.0,16460800,35.086013
2010-05-07,46.139998999999996,47.0,45.919998,46.419998,14566200,34.653036
2010-05-10,47.91,49.040001000000004,47.700001,48.349998,9709700,36.093802000000004
2010-05-11,47.740002000000004,48.630001,47.740002000000004,48.349998,8924200,36.093802000000004
2010-05-12,47.93,48.310001,47.52,47.990002000000004,8489700,35.82506
2010-05-13,47.860001000000004,48.189999,47.310001,47.360001000000004,6602600,35.354758000000004
2010-05-14,47.27,47.470001,46.290001000000004,46.560001,10548700,34.75755
2010-05-17,46.599998,46.830002,45.889998999999996,46.25,9076800,34.52613
2010-05-18,46.439999,46.759997999999996,45.369999,45.560001,10435700,34.011039000000004
2010-05-19,45.369999,46.52,45.099998,46.259997999999996,11069300,34.533594
2010-05-20,45.470001,45.919998,44.490002000000004,44.549999,13066700,33.257061
2010-05-21,43.900002,44.709998999999996,43.380001,44.259997999999996,16035700,33.040572
2010-05-24,44.040001000000004,44.720001,43.57,44.299999,12667000,33.070433
2010-05-25,43.599998,43.919998,42.970001,43.720001,15891000,32.637458
2010-05-26,43.849998,44.560001,43.549999,43.700001,14571200,32.622528
2010-05-27,44.23,44.799999,44.09,44.700001,11520600,33.369039
2010-05-28,44.759997999999996,44.799999,44.02,44.119999,14109100,32.936060999999995
2010-06-01,43.77,44.59,43.509997999999996,43.970001,9173500,32.824086
2010-06-02,44.040001000000004,45.060001,44.040001000000004,45.049999,9575200,33.630317
2010-06-03,45.060001,45.360001000000004,44.689999,45.02,6411200,33.607921999999995
2010-06-04,44.57,44.75,43.509997999999996,43.740002000000004,11855100,32.652389
2010-06-07,43.720001,44.25,43.07,43.169998,10536000,32.226875
2010-06-08,43.130001,43.77,42.939999,43.73,11988100,32.644921999999994
2010-06-09,43.98,45.139998999999996,43.779999,44.150002,11085700,32.958458
2010-06-10,44.59,45.580002,44.59,45.110001000000004,9979300,33.675108
2010-06-11,44.84,44.939999,43.09,44.349998,15482400,33.107758000000004
2010-06-14,44.610001000000004,45.950001,44.610001000000004,45.57,11379200,34.018503
2010-06-15,46.220001,46.220001,45.470001,45.560001,9119600,34.011039000000004
2010-06-16,45.389998999999996,45.779999,45.130001,45.549999,6227700,34.003572
2010-06-17,45.779999,45.959998999999996,45.34,45.599998,7420800,34.040896999999994
2010-06-18,45.669998,46.279999,45.599998,45.91,13155400,34.272316
2010-06-21,46.279999,46.639998999999996,45.93,46.290001000000004,10605200,34.555991
2010-06-22,45.810001,46.009997999999996,44.950001,44.990002000000004,8248600,34.011684
2010-06-23,45.959998999999996,47.080002,45.900002,46.490002000000004,15496300,35.145659
2010-06-24,46.279999,46.720001,46.040001000000004,46.43,13230100,35.100299
2010-06-25,46.560001,47.0,45.900002,45.900002,17658200,34.699628999999995
2010-06-28,46.0,46.68,45.900002,46.290001000000004,9271200,34.994462
2010-06-29,45.900002,46.799999,45.540001000000004,45.720001,11364000,34.563552
2010-06-30,46.150002,46.360001000000004,45.75,45.84,10800400,34.654269
2010-07-01,45.77,46.68,45.549999,46.549999,12567400,35.191016
2010-07-02,46.630001,46.880001,46.23,46.450001,6941700,35.115419
2010-07-06,46.75,47.189999,46.34,46.77,9049400,35.357333000000004
2010-07-07,46.59,47.560001,46.389998999999996,47.540001000000004,11016500,35.939440999999995
2010-07-08,47.950001,48.68,47.669998,48.540001000000004,8888200,36.695423999999996
2010-07-09,48.799999,48.900002,48.220001,48.59,5783600,36.733222999999995
2010-07-12,48.57,48.990002000000004,48.259997999999996,48.84,5136000,36.922218
2010-07-13,49.119999,49.450001,49.0,49.299999,5681200,37.26997
2010-07-14,49.18,49.73,48.959998999999996,49.52,5539000,37.436287
2010-07-15,49.619999,50.299999,49.330002,50.099998,8227500,37.874756
2010-07-16,49.990002000000004,50.889998999999996,49.509997999999996,49.669998,8352500,37.549683
2010-07-19,49.509997999999996,50.099998,49.43,49.959998999999996,5500900,37.768919
2010-07-20,49.66,50.75,49.630001,50.630001,6860200,38.275428999999995
2010-07-21,50.779999,50.860001000000004,49.200001,49.889998999999996,8481500,37.716
2010-07-22,50.380001,51.09,49.900002,50.84,8090500,38.434185
2010-07-23,50.82,50.970001,50.27,50.66,7968500,38.298107
2010-07-26,50.57,51.23,50.57,51.189999,5317700,38.698778000000004
2010-07-27,51.259997999999996,51.380001,50.950001,51.34,7215100,38.812176
2010-07-28,51.360001000000004,51.450001,50.900002,51.040001000000004,5187200,38.585382
2010-07-29,51.16,51.549999,50.779999,51.18,7213200,38.691219
2010-07-30,50.799999,51.299999,50.599998,51.040001000000004,7115800,38.585382
2010-08-02,51.470001,52.0,51.25,51.959998999999996,6944000,39.280885
2010-08-03,51.810001,52.5,51.810001,52.150002,6826800,39.424524
2010-08-04,52.130001,52.5,51.959998999999996,52.240002000000004,4903000,39.492562
2010-08-05,52.080002,52.09,51.700001,51.82,6634300,39.175048
2010-08-06,51.529999,52.209998999999996,51.23,52.189999,6231900,39.454761
2010-08-09,52.380001,52.619999,52.169998,52.540001000000004,6837600,39.719357
2010-08-10,52.09,53.240002000000004,52.049999,52.970001,8210600,40.04443
2010-08-11,52.220001,52.470001,51.630001,51.75,7369600,39.122129
2010-08-12,51.220001,52.16,51.18,51.849998,7476900,39.197726
2010-08-13,51.59,52.279999,51.59,51.990002000000004,6276000,39.303566
2010-08-16,51.66,52.060001,50.959998999999996,51.990002000000004,5486600,39.303566
2010-08-17,52.34,53.040001000000004,51.990002000000004,52.57,6503900,39.742034999999994
2010-08-18,52.549999,52.990002000000004,52.220001,52.759997999999996,9184200,39.885671
2010-08-19,52.720001,52.720001,51.619999,52.0,9741700,39.311125
2010-08-20,51.75,52.43,51.75,51.98,7730100,39.296005
2010-08-23,52.099998,52.490002000000004,51.709998999999996,51.73,5506500,39.107009000000005
2010-08-24,51.310001,51.700001,51.060001,51.509997999999996,7319800,38.940692
2010-08-25,51.169998,51.75,50.93,51.52,10833600,38.948253
2010-08-26,51.540001000000004,51.84,50.540001000000004,51.060001,6954300,38.600502
2010-08-27,51.139998999999996,51.630001,50.650002,51.439999,6943100,38.887772999999996
2010-08-30,51.080002,51.91,51.080002,51.43,3937900,38.880215
2010-08-31,51.369999,51.77,51.02,51.360001000000004,6513000,38.827296000000004
2010-09-01,51.880001,53.09,51.880001,52.970001,8452400,40.04443
2010-09-02,52.970001,53.360001000000004,52.869999,53.290001000000004,6497500,40.286344
2010-09-03,53.110001000000004,54.099998,53.110001000000004,54.040001000000004,6718500,40.853331
2010-09-07,53.919998,54.25,53.57,53.639998999999996,5649600,40.550937
2010-09-08,53.610001000000004,53.860001000000004,53.400002,53.619999,7384600,40.535817
2010-09-09,53.68,53.970001,53.220001,53.75,7495000,40.634096
2010-09-10,53.869999,54.869999,53.810001,54.599998,6993300,41.27668
2010-09-13,54.959998999999996,54.990002000000004,54.32,54.77,6024400,41.405198999999996
2010-09-14,54.549999,55.0,54.259997999999996,54.860001000000004,7006900,41.473237
2010-09-15,54.860001000000004,55.599998,54.630001,55.540001000000004,6853500,41.987306
2010-09-16,55.200001,55.299999,54.810001,55.110001000000004,7305200,41.662233
2010-09-17,55.299999,55.900002,55.07,55.119999,9668900,41.669792
2010-09-20,55.290001000000004,56.23,55.0,55.950001,7959000,42.297259000000004
2010-09-21,56.029999,56.25,55.459998999999996,56.040001000000004,9415100,42.365297999999996
2010-09-22,55.130001,55.400002,54.900002,55.189999,8079000,42.204706
2010-09-23,54.810001,55.639998999999996,54.66,55.110001000000004,5943700,42.14353
2010-09-24,55.580002,56.5,55.560001,56.099998,6991400,42.900597999999995
2010-09-27,55.98,56.220001,55.450001,55.459998999999996,5742800,42.41118
2010-09-28,55.400002,56.189999,55.169998,56.080002,7329000,42.885306
2010-09-29,55.970001,56.650002,55.75,56.32,6343600,43.068837
2010-09-30,56.48,57.110001000000004,55.810001,56.02,7636400,42.839422
2010-10-01,56.040001000000004,56.509997999999996,55.450001,55.549999,7624400,42.480005
2010-10-04,55.389998999999996,55.709998999999996,55.099998,55.290001000000004,5167600,42.28118
2010-10-05,55.66,55.970001,55.150002,55.349998,10135400,42.327061
2010-10-06,55.400002,56.93,55.369999,56.310001,10977500,43.061191
2010-10-07,56.560001,56.650002,55.950001,56.290001000000004,6645900,43.045896
2010-10-08,56.75,57.200001,56.599998,56.630001,6366700,43.3059
2010-10-11,56.959998999999996,57.16,56.330002,56.419998,3329800,43.145307
2010-10-12,56.48,57.299999,56.400002,57.18,5307600,43.726493
2010-10-13,57.389998999999996,57.75,57.009997999999996,57.360001000000004,6376000,43.864143
2010-10-14,57.400002,57.900002,57.389998999999996,57.75,5885000,44.162382
2010-10-15,58.02,58.779999,58.02,58.540001000000004,13173400,44.766508
2010-10-18,58.34,58.560001,58.060001,58.380001,6675100,44.644154
2010-10-19,57.810001,58.040001000000004,56.66,57.07,8711400,43.642374
2010-10-20,57.220001,57.689999,57.009997999999996,57.48,5809400,43.955908
2010-10-21,56.880001,57.849998,56.490002000000004,57.560001,6863900,44.017087
2010-10-22,57.919998,58.290001000000004,57.580002,58.130001,4375200,44.452975
2010-10-25,58.529999,59.849998,58.470001,59.470001,9071800,45.477695000000004
2010-10-26,59.150002,59.529999,58.93,59.5,5663400,45.500636
2010-10-27,58.970001,59.139998999999996,58.380001,58.98,6200700,45.102983
2010-10-28,59.27,59.700001,58.93,59.259997999999996,5686200,45.317102
2010-10-29,59.060001,59.259997999999996,58.5,58.509997999999996,6335200,44.743565000000004
2010-11-01,58.610001000000004,59.310001,58.119999,58.290001000000004,7299800,44.575328999999996
2010-11-02,58.380001,59.0,58.139998999999996,58.459998999999996,7546100,44.70533
2010-11-03,58.599998,59.529999,58.400002,59.299999,6331200,45.347691999999995
2010-11-04,59.880001,60.830002,59.700001,60.82,8143400,46.510061
2010-11-05,60.869999,60.869999,60.18,60.439999,7494700,46.219468
2010-11-08,60.029999,60.389998999999996,59.849998,60.220001,6237200,46.051233
2010-11-09,60.009997999999996,60.200001,59.41,59.560001,5744300,45.54652
2010-11-10,59.48,59.790001000000004,59.16,59.610001000000004,5302300,45.584755
2010-11-11,59.049999,59.860001000000004,59.02,59.82,5694300,45.745345
2010-11-12,59.66,59.880001,59.290001000000004,59.639998999999996,5838700,45.607696000000004
2010-11-15,59.610001000000004,59.959998999999996,59.349998,59.450001,4685000,45.4624
2010-11-16,59.220001,59.509997999999996,58.259997999999996,58.540001000000004,9158000,44.766508
2010-11-17,58.68,58.939999,57.790001000000004,57.790001000000004,7483900,44.192971
2010-11-18,58.509997999999996,59.849998,58.34,59.450001,9374300,45.4624
2010-11-19,59.459998999999996,59.860001000000004,58.970001,59.810001,7446400,45.737699
2010-11-22,59.240002000000004,59.529999,58.860001000000004,59.48,7451000,45.485341
2010-11-23,58.779999,58.959998999999996,58.41,58.77,8530600,44.942393
2010-11-24,59.18,59.290001000000004,58.860001000000004,59.209998999999996,6333700,45.278867
2010-11-26,58.919998,59.09,58.5,58.779999,2064500,44.950039000000004
2010-11-29,58.34,58.360001000000004,57.330002,57.82,11539600,44.215912
2010-11-30,57.48,57.580002,56.75,56.889998999999996,11511900,43.504725
2010-12-01,57.369999,57.970001,56.709998999999996,57.700001,8113900,44.124146
2010-12-02,57.509997999999996,58.009997999999996,57.299999,57.93,6584600,44.300031
2010-12-03,57.599998,58.540001000000004,57.459998999999996,58.119999,7030100,44.445326
2010-12-06,58.080002,58.650002,57.810001,58.529999,9234000,44.75886
2010-12-07,58.959998999999996,59.400002,58.889998999999996,59.400002,10943400,45.424165
2010-12-08,59.450001,59.5,59.080002,59.349998,6173000,45.385927
2010-12-09,59.709998999999996,59.799999,59.18,59.389998999999996,4848900,45.416515999999994
2010-12-10,59.52,59.919998,58.889998999999996,59.0,6760500,45.118277
2010-12-13,59.049999,59.23,58.34,58.700001,7765600,44.888863
2010-12-14,58.82,59.43,58.75,59.389998999999996,5581900,45.416515999999994
2010-12-15,58.880001,59.599998,58.869999,59.41,6643400,45.431810999999996
2010-12-16,59.369999,59.740002000000004,58.959998999999996,59.709998999999996,5942700,45.661225
2010-12-17,59.669998,59.869999,59.169998,59.689999,11569500,45.645931
2010-12-20,59.790001000000004,60.139998999999996,59.43,59.57,7457100,45.554165999999995
2010-12-21,59.41,59.549999,58.299999,58.48,6149600,45.206305
2010-12-22,58.630001,58.939999,58.25,58.869999,4701000,45.507783
2010-12-23,58.68,58.919998,58.380001,58.669998,2824500,45.353178
2010-12-27,58.509997999999996,58.77,58.43,58.599998,2641900,45.299067
2010-12-28,58.580002,58.830002,58.220001,58.529999,3018800,45.244956
2010-12-29,58.720001,58.93,58.509997999999996,58.75,2783100,45.415021
2010-12-30,58.639998999999996,58.75,58.330002,58.490002000000004,2303700,45.214037
2010-12-31,58.48,58.849998,58.310001,58.529999,2738300,45.244956
2011-01-03,58.880001,58.990002000000004,58.43,58.669998,5053700,45.353178
2011-01-04,58.48,58.950001,58.150002,58.669998,5779500,45.353178
2011-01-05,58.799999,58.919998,57.790001000000004,58.5,5635800,45.221765999999995
2011-01-06,58.25,58.400002,57.360001000000004,57.720001,7922300,44.618809999999996
2011-01-07,57.23,57.490002000000004,55.919998,56.419998,12085800,43.613879
2011-01-10,56.43,56.740002000000004,55.849998,56.509997999999996,8867000,43.683451
2011-01-11,56.75,56.950001,55.919998,56.02,7971000,43.304673
2011-01-12,56.32,56.59,56.0,56.59,7355300,43.745295
2011-01-13,56.369999,56.580002,56.110001000000004,56.5,6032900,43.675723
2011-01-14,56.290001000000004,56.77,56.18,56.669998,5394100,43.807134999999995
2011-01-18,56.540001000000004,57.0,55.98,56.220001,8001300,43.459277
2011-01-19,56.290001000000004,56.619999,56.16,56.59,7535000,43.745295
2011-01-20,56.619999,56.869999,56.259997999999996,56.490002000000004,6740200,43.667994
2011-01-21,56.82,57.0,56.259997999999996,56.700001,10525700,43.830327000000004
2011-01-24,56.580002,57.18,56.25,57.099998,6127900,44.139534000000005
2011-01-25,56.869999,57.619999,56.720001,57.529999,5851600,44.471934000000005
2011-01-26,57.669998,57.75,57.34,57.380001,5347600,44.355982
2011-01-27,57.549999,57.580002,56.939999,56.990002000000004,6060600,44.054504
2011-01-28,57.299999,57.310001,56.549999,56.599998,7435200,43.753023999999996
2011-01-31,56.84,57.27,56.459998999999996,57.240002000000004,6955400,44.24776
2011-02-01,57.52,58.209998999999996,57.5,57.720001,6181300,44.618809999999996
2011-02-02,57.48,57.759997999999996,57.330002,57.68,4924700,44.587888
2011-02-03,57.490002000000004,58.09,57.490002000000004,58.009997999999996,4650800,44.842984
2011-02-04,58.07,58.759997999999996,57.91,58.669998,5990400,45.353178
2011-02-07,58.91,59.0,58.459998999999996,59.0,4570200,45.608277
2011-02-08,59.0,59.110001000000004,58.650002,59.060001,4411400,45.654659
2011-02-09,58.610001000000004,59.669998,58.5,59.540001000000004,5387000,46.025709
2011-02-10,59.290001000000004,59.900002,58.889998999999996,59.169998,7236200,45.739689
2011-02-11,58.91,59.860001000000004,58.869999,59.619999,5341300,46.087548999999996
2011-02-14,59.529999,59.77,59.09,59.740002000000004,4933700,46.180314
2011-02-15,59.459998999999996,60.18,59.439999,59.889998999999996,5315500,46.296265000000005
2011-02-16,60.119999,60.759997999999996,59.939999,60.700001,5718100,46.922414
2011-02-17,60.389998999999996,60.880001,60.299999,60.84,5427200,47.030637
2011-02-18,60.860001000000004,61.639998999999996,60.799999,61.43,5768600,47.486719
2011-02-22,60.82,61.990002000000004,60.5,61.540001000000004,7172900,47.571752000000004
2011-02-23,61.549999,62.380001,61.5,61.98,9054600,47.911881
2011-02-24,61.810001,63.0,61.790001000000004,62.290001000000004,7587600,48.151519
2011-02-25,62.43,62.689999,62.0,62.25,5441100,48.120597
2011-02-28,62.68,63.119999,62.400002,62.779999,7559500,48.530297999999995
2011-03-01,63.060001,63.630001,62.209998999999996,62.27,7321700,48.136058
2011-03-02,62.310001,63.330002,62.130001,62.919998,6570300,48.63852
2011-03-03,63.349998,63.950001,63.099998,63.669998,9531500,49.218286
2011-03-04,63.689999,63.880001,63.029999,63.5,12608500,49.086874
2011-03-07,63.66,64.41999799999999,63.52,63.639998999999996,10173200,49.195097
2011-03-08,63.849998,64.599998,63.779999,64.25,5591300,49.66664
2011-03-09,64.16999799999999,64.449997,63.889998999999996,64.349998,4946700,49.743941
2011-03-10,63.82,64.190002,63.59,63.759997999999996,6675000,49.287858
2011-03-11,63.43,63.98,63.369999,63.779999,5529200,49.303319
2011-03-14,63.549999,63.84,63.23,63.580002,5935100,49.148717
2011-03-15,62.490002000000004,62.91,61.880001,62.700001,11350200,48.468457
2011-03-16,62.439999,62.639998999999996,61.450001,61.869999,11373200,47.826848
2011-03-17,62.450001,62.779999,61.669998,61.790001000000004,7963900,47.765008
2011-03-18,61.700001,62.529999,61.349998,61.720001,11876800,47.710896000000005
2011-03-21,62.209998999999996,63.529999,61.91,62.950001,6364200,48.661713
2011-03-22,62.23,63.889998999999996,62.209998999999996,63.34,2472600,49.466102
2011-03-23,63.259997999999996,64.110001,63.080002,63.84,5225800,49.856583
2011-03-24,64.050003,64.739998,63.799999,64.519997,6869100,50.387634000000006
2011-03-25,64.650002,65.470001,64.529999,65.120003,7119500,50.856215999999996
2011-03-28,65.379997,65.620003,65.16999799999999,65.16999799999999,4712700,50.89526
2011-03-29,64.790001,65.290001,64.610001,65.260002,6213400,50.96555
2011-03-30,65.849998,65.91999799999999,65.239998,65.699997,7714000,51.309169
2011-03-31,65.75,65.900002,65.339996,65.629997,7642000,51.254502
2011-04-01,65.870003,66.019997,64.910004,64.93,6334500,50.707831
2011-04-04,64.93,65.050003,64.489998,64.91999799999999,7125200,50.70002
2011-04-05,64.760002,65.970001,64.650002,65.550003,4984900,51.192029999999995
2011-04-06,65.75,66.050003,65.480003,65.809998,4979000,51.395075
2011-04-07,65.620003,65.690002,65.07,65.68,6408000,51.293552000000005
2011-04-08,65.660004,66.040001,65.519997,65.83000200000001,5467400,51.410698
2011-04-11,66.269997,67.279999,66.25,66.83000200000001,6952500,52.191659
2011-04-12,66.589996,66.82,65.82,66.040001,5358400,51.574699
2011-04-13,65.900002,66.209999,65.720001,66.110001,5847900,51.629366
2011-04-14,65.980003,66.449997,65.83000200000001,66.190002,6947900,51.691844
2011-04-15,66.389999,66.739998,65.959999,66.559998,5609400,51.980796000000005
2011-04-18,66.08000200000001,66.489998,65.480003,65.760002,5865500,51.356031
2011-04-19,65.610001,66.190002,65.309998,66.129997,4527100,51.644983
2011-04-20,66.849998,67.349998,66.41999799999999,66.480003,5661300,51.918324
2011-04-21,67.010002,68.209999,66.839996,67.610001,6478100,52.800807999999996
2011-04-25,67.75,67.910004,67.360001,67.599998,4779900,52.792997
2011-04-26,67.800003,68.089996,67.339996,67.589996,8000000,52.785185999999996
2011-04-27,67.529999,67.589996,66.940002,67.519997,6112300,52.730518999999994
2011-04-28,67.470001,69.220001,67.41999799999999,69.029999,6409200,53.909772
2011-04-29,69.160004,69.790001,68.629997,69.440002,5600000,54.229969
2011-05-02,69.809998,69.91999799999999,69.160004,69.309998,6088800,54.128441
2011-05-03,69.029999,69.629997,68.849998,69.550003,7870000,54.315876
2011-05-04,69.550003,69.83000200000001,69.08000200000001,69.349998,5015800,54.15968
2011-05-05,69.18,69.449997,68.25,68.389999,6422100,53.40995699999999
2011-05-06,68.800003,69.389999,68.57,68.599998,6071600,53.573958999999995
2011-05-09,68.839996,69.0,68.16999799999999,68.290001,5464700,53.331862
2011-05-10,68.41999799999999,68.489998,68.16999799999999,68.279999,7360200,53.324051000000004
2011-05-11,68.300003,68.58000200000001,67.980003,68.16999799999999,6203500,53.238144999999996
2011-05-12,68.129997,68.25,67.949997,68.209999,6820300,53.269383999999995
2011-05-13,68.260002,69.08000200000001,68.260002,68.309998,7165000,53.34747900000001
2011-05-16,68.019997,68.699997,67.839996,68.440002,6765700,53.449008
2011-05-17,68.25,68.730003,68.239998,68.589996,4512600,53.566146999999994
2011-05-18,68.739998,69.400002,68.459999,69.279999,8409000,54.105013
2011-05-19,69.550003,70.769997,69.540001,70.68,7536400,55.19836
2011-05-20,70.610001,70.68,69.989998,70.190002,4671400,54.815691
2011-05-23,69.410004,69.800003,68.910004,69.099998,5524500,53.964439
2011-05-24,69.0,70.089996,68.910004,69.860001,6350000,54.557972
2011-05-25,69.41999799999999,69.709999,69.120003,69.489998,5681400,54.269014
2011-05-26,69.449997,70.66999799999999,69.07,70.300003,6382100,54.901596999999995
2011-05-27,70.239998,70.730003,70.199997,70.519997,3858500,55.073403000000006
2011-05-31,70.82,71.75,70.760002,71.75,8216000,56.033989
2011-06-01,71.699997,71.75,71.029999,71.07,6768900,55.502935
2011-06-02,70.91999799999999,70.989998,69.629997,69.910004,6427200,54.597021999999996
2011-06-03,69.25,69.650002,68.760002,68.989998,5985700,53.878533
2011-06-06,68.790001,68.989998,68.25,68.32,7685600,53.355290000000004
2011-06-07,68.599998,68.620003,67.790001,67.809998,8337900,52.956998
2011-06-08,67.550003,68.32,67.120003,68.040001,6347100,53.136621999999996
2011-06-09,68.309998,68.610001,67.529999,68.120003,5635300,53.1991
2011-06-10,67.82,68.08000200000001,67.349998,67.349998,5328300,52.597756999999994
2011-06-13,67.300003,67.83000200000001,66.800003,67.529999,8626400,52.738330000000005
2011-06-14,68.160004,69.510002,67.83000200000001,68.91999799999999,8348300,53.823866
2011-06-15,68.589996,68.739998,66.519997,67.510002,7271300,52.722713
2011-06-16,67.440002,68.029999,67.07,67.519997,5429900,52.730518999999994
2011-06-17,67.949997,69.0,67.949997,68.480003,8793900,53.480247
2011-06-20,68.459999,69.410004,68.43,69.08000200000001,4984300,53.948823
2011-06-21,68.739998,68.879997,67.93,68.050003,5184600,53.641397999999995
2011-06-22,67.620003,67.83000200000001,66.639999,66.650002,8345900,52.537827
2011-06-23,66.279999,66.360001,65.510002,66.16999799999999,7146100,52.159457
2011-06-24,66.160004,66.160004,64.68,65.099998,10964100,51.316015
2011-06-27,65.400002,66.160004,65.199997,65.91999799999999,7110000,51.962391
2011-06-28,66.160004,66.16999799999999,65.519997,65.889999,4977400,51.938744
2011-06-29,66.349998,66.610001,66.019997,66.16999799999999,5401600,52.159457
2011-06-30,66.449997,66.809998,66.059998,66.769997,5406400,52.632415
2011-07-01,66.660004,67.139999,66.480003,66.75,5212800,52.616652
2011-07-05,66.900002,68.160004,66.790001,67.190002,7157800,52.963491000000005
2011-07-06,67.32,68.589996,67.18,68.239998,6418300,53.791165
2011-07-07,68.650002,69.379997,68.650002,69.139999,6035400,54.500604
2011-07-08,68.639999,69.459999,68.470001,69.410004,5314400,54.713439
2011-07-11,69.620003,69.650002,68.43,68.68,5363900,54.138003000000005
2011-07-12,68.629997,68.800003,67.0,67.099998,7765900,52.892543999999994
2011-07-13,67.449997,67.529999,66.610001,66.839996,4570300,52.68759300000001
2011-07-14,66.58000200000001,66.900002,66.230003,66.41999799999999,4561600,52.356524
2011-07-15,66.620003,67.07,66.16999799999999,66.93,5462700,52.75854
2011-07-18,66.800003,67.440002,66.480003,66.83000200000001,4252400,52.679715
2011-07-19,67.160004,68.720001,67.059998,68.510002,6245100,54.003999
2011-07-20,68.489998,68.5,67.18,68.190002,5556300,53.751755
2011-07-21,69.75,71.760002,69.739998,71.489998,11095700,56.353024
2011-07-22,71.379997,72.260002,71.300003,72.110001,7298100,56.84175
2011-07-25,71.730003,72.32,70.910004,72.129997,5292500,56.857513
2011-07-26,72.010002,72.5,71.599998,71.91999799999999,4713400,56.691978000000006
2011-07-27,71.480003,72.559998,71.480003,71.769997,5796400,56.573737
2011-07-28,71.889999,72.739998,71.610001,72.349998,6880200,57.03093199999999
2011-07-29,71.699997,71.989998,71.16999799999999,71.16999799999999,9143900,56.10078000000001
2011-08-01,71.620003,71.660004,69.860001,70.720001,6034800,55.746063
2011-08-02,70.41999799999999,70.889999,69.75,69.75,7059000,54.981446
2011-08-03,69.910004,70.0,69.18,69.959999,7725000,55.146980000000006
2011-08-04,69.230003,69.370003,67.220001,67.400002,11139300,53.129025
2011-08-05,68.050003,69.760002,67.120003,69.339996,14179900,54.65825400000001
2011-08-08,67.83000200000001,69.16999799999999,66.089996,66.269997,16489300,52.238283
2011-08-09,66.58000200000001,67.559998,64.230003,67.400002,19274200,53.129025
2011-08-10,67.089996,67.16999799999999,64.650002,64.900002,14335000,51.158364
2011-08-11,65.269997,66.230003,64.769997,65.550003,13389700,51.670737
2011-08-12,66.41999799999999,66.809998,65.730003,66.629997,10255600,52.522057999999994
2011-08-15,66.91999799999999,68.33000200000001,66.68,68.33000200000001,11101600,53.862111999999996
2011-08-16,67.870003,68.480003,67.339996,67.699997,7347100,53.365501
2011-08-17,68.089996,69.720001,68.019997,69.059998,8695500,54.437541
2011-08-18,67.860001,68.879997,67.629997,68.5,11290600,53.996115
2011-08-19,67.639999,70.779999,67.639999,68.83000200000001,11874700,54.256243999999995
2011-08-22,70.230003,70.540001,68.5,68.720001,8068300,54.169534
2011-08-23,68.699997,70.300003,68.389999,70.269997,8924700,55.39134
2011-08-24,70.0,70.58000200000001,69.730003,70.139999,7765100,55.28886800000001
2011-08-25,70.110001,70.25,68.58000200000001,68.870003,8085500,54.287775
2011-08-26,68.800003,69.540001,67.760002,69.199997,7422300,54.547897999999996
2011-08-29,69.889999,70.68,69.800003,70.5,6213400,55.572644
2011-08-30,70.309998,70.510002,69.800003,70.120003,6688100,55.273106000000006
2011-08-31,70.389999,70.639999,69.089996,69.32,9735100,54.642492000000004
2011-09-01,69.41999799999999,70.07,69.07,69.300003,8491200,54.626729000000005
2011-09-02,68.769997,69.33000200000001,68.120003,68.239998,6369800,53.791165
2011-09-06,66.900002,67.91999799999999,66.720001,67.809998,9626100,53.452211
2011-09-07,68.279999,68.959999,67.940002,68.959999,9280000,54.358716
2011-09-08,68.470001,68.980003,68.41999799999999,68.550003,6845900,54.035531000000006
2011-09-09,68.050003,68.239998,65.5,65.900002,17242000,51.946628999999994
2011-09-12,64.980003,66.059998,64.41999799999999,66.019997,28147800,52.041216999999996
2011-09-13,65.989998,66.459999,65.190002,65.970001,6781000,52.001807
2011-09-14,66.849998,68.32,66.519997,67.589996,11287700,53.278792
2011-09-15,68.309998,68.489998,67.660004,68.290001,7060200,53.830580000000005
2011-09-16,68.730003,69.269997,68.0,69.08000200000001,15149600,54.453309999999995
2011-09-19,68.160004,68.57,67.650002,67.910004,11023400,53.53104200000001
2011-09-20,68.650002,69.16999799999999,68.25,68.279999,7621700,53.82269599999999
2011-09-21,68.68,68.83000200000001,66.709999,66.800003,8637700,52.656068000000005
2011-09-22,65.769997,65.769997,63.66,64.959999,16868000,51.205658
2011-09-23,63.919998,64.089996,63.5,63.810001,10699100,50.902527
2011-09-26,64.269997,64.690002,63.52,64.58000200000001,8132000,51.516771999999996
2011-09-27,65.360001,65.540001,64.360001,64.709999,8374400,51.620473
2011-09-28,64.989998,65.010002,63.259997999999996,63.380001,6536200,50.559507
2011-09-29,64.209999,64.779999,63.119999,64.010002,5979400,51.062071
2011-09-30,63.48,64.150002,62.32,62.380001,9173800,49.761787
2011-10-03,62.240002000000004,63.290001000000004,61.75,61.759997999999996,10959400,49.267198
2011-10-04,61.18,62.990002000000004,60.450001,62.799999,10000000,50.096828
2011-10-05,63.470001,63.720001,62.810001,63.290001000000004,7835900,50.487712
2011-10-06,63.419998,64.599998,63.119999,64.58000200000001,6452300,51.516771999999996
2011-10-07,64.959999,65.57,64.599998,65.129997,7334000,51.955514
2011-10-10,65.91999799999999,66.389999,65.529999,66.050003,4575700,52.689420999999996
2011-10-11,66.440002,66.449997,65.089996,65.300003,6601800,52.091131
2011-10-12,65.91999799999999,66.650002,65.309998,66.309998,8097100,52.896824
2011-10-13,66.269997,66.75,65.82,66.449997,5656500,53.008504
2011-10-14,67.190002,67.400002,66.900002,67.400002,7242200,53.766342
2011-10-17,67.489998,68.059998,66.860001,67.040001,6575000,53.479163
2011-10-18,66.68,67.059998,65.360001,66.309998,7378300,52.896824
2011-10-19,66.510002,67.089996,65.980003,66.029999,5661600,52.673463
2011-10-20,67.779999,69.110001,67.360001,68.190002,12115700,54.396542000000004
2011-10-21,68.980003,70.370003,68.900002,70.0,13618000,55.840414
2011-10-24,70.110001,70.279999,69.32,69.480003,7631000,55.425602000000005
2011-10-25,68.5,69.400002,68.480003,68.839996,10066800,54.915055
2011-10-26,69.760002,70.83000200000001,69.139999,70.800003,10327100,56.478592000000006
2011-10-27,71.800003,72.470001,70.989998,72.0,10180400,57.435854000000006
2011-10-28,72.050003,72.489998,71.32,72.120003,6246000,57.531583
2011-10-31,71.610001,72.010002,69.739998,69.870003,10206300,55.736712
2011-11-01,68.18,69.309998,67.75,68.760002,9908100,54.851242000000006
2011-11-02,69.08000200000001,70.16999799999999,68.93,69.870003,7788500,55.736712
2011-11-03,70.190002,70.959999,70.019997,70.790001,5399200,56.470613
2011-11-04,70.660004,70.860001,69.870003,70.209999,5754100,56.007934
2011-11-07,70.129997,70.58000200000001,69.480003,70.5,3976600,56.239274
2011-11-08,70.599998,71.32,70.08000200000001,71.199997,4631200,56.797675
2011-11-09,70.019997,70.32,69.120003,69.620003,6214900,55.537282
2011-11-10,70.019997,71.209999,70.019997,71.0,5708800,56.638133999999994
2011-11-11,71.5,72.120003,71.349998,71.639999,4136400,57.148674
2011-11-14,71.639999,71.66999799999999,70.860001,71.209999,5024100,56.805654000000004
2011-11-15,71.370003,71.75,70.900002,71.519997,4392700,57.052946
2011-11-16,71.5,73.16999799999999,71.059998,71.620003,7934600,57.132721999999994
2011-11-17,71.470001,73.459999,71.470001,72.08000200000001,7073200,57.499673
2011-11-18,72.360001,73.290001,72.32,73.089996,8647300,58.30536600000001
2011-11-21,71.82,72.529999,71.540001,72.0,6422600,57.435854000000006
2011-11-22,72.110001,72.589996,71.849998,72.010002,5401500,57.443833
2011-11-23,71.459999,71.620003,70.82,71.019997,5685900,56.654084999999995
2011-11-25,71.010002,72.239998,70.980003,71.309998,3575400,56.885425
2011-11-28,72.099998,73.150002,72.0,73.089996,6827800,58.30536600000001
2011-11-29,73.379997,75.449997,73.379997,74.459999,8016600,59.398244999999996
2011-11-30,75.93,76.400002,75.089996,76.239998,9494900,60.818186
2011-12-01,76.099998,77.0,75.58000200000001,75.690002,5938000,60.379443
2011-12-02,75.970001,76.440002,75.32,75.470001,5414500,60.20394399999999
2011-12-05,76.709999,77.029999,75.360001,75.870003,5335900,60.523033
2011-12-06,75.790001,75.839996,75.300003,75.58000200000001,5314700,60.29169399999999
2011-12-07,75.230003,75.879997,74.75,75.58000200000001,5676400,60.29169399999999
2011-12-08,75.33000200000001,75.58000200000001,74.389999,74.559998,6465200,59.478016000000004
2011-12-09,75.199997,75.889999,74.970001,75.58000200000001,5647700,60.29169399999999
2011-12-12,75.32,75.860001,74.769997,75.150002,7101500,59.948674
2011-12-13,75.849998,76.540001,75.349998,75.510002,6092300,60.235854
2011-12-14,75.300003,76.470001,74.610001,74.860001,7792600,59.717333999999994
2011-12-15,75.66999799999999,76.290001,75.290001,75.91999799999999,6055100,60.562916
2011-12-16,76.43,76.629997,75.290001,75.599998,8857800,60.307644999999994
2011-12-19,76.040001,76.809998,75.790001,76.199997,6178100,60.786276
2011-12-20,76.239998,76.809998,75.93,76.699997,6665400,61.809723
2011-12-21,76.870003,78.290001,76.610001,78.18,6912800,63.002404000000006
2011-12-22,78.440002,78.550003,77.449997,77.849998,4308300,62.736468
2011-12-23,78.050003,78.900002,77.949997,78.75,3037300,63.461746
2011-12-27,78.989998,79.41999799999999,78.41999799999999,78.83000200000001,2510600,63.526216000000005
2011-12-28,78.68,79.150002,78.360001,78.510002,2656300,63.26834
2011-12-29,78.879997,79.190002,78.66999799999999,79.099998,3511000,63.743797
2011-12-30,79.160004,79.25,78.18,78.480003,3678000,63.244165
2012-01-03,79.160004,79.959999,78.519997,78.589996,6708400,63.33280500000001
2012-01-04,78.150002,78.5,77.800003,78.449997,5589500,63.219984
2012-01-05,78.16999799999999,78.66999799999999,77.800003,78.209999,5407000,63.026579000000005
2012-01-06,77.66999799999999,77.809998,76.650002,77.08000200000001,6745900,62.11595500000001
2012-01-09,77.059998,77.260002,76.599998,76.860001,4766400,61.938664
2012-01-10,77.650002,77.900002,76.91999799999999,77.32,4937000,62.309360999999996
2012-01-11,77.16999799999999,77.849998,76.529999,76.599998,5095800,61.729138
2012-01-12,76.58000200000001,77.120003,76.410004,76.449997,4698700,61.608258
2012-01-13,76.220001,77.400002,76.07,77.32,4916800,62.309360999999996
2012-01-17,77.099998,77.470001,75.760002,75.900002,6676900,61.165036
2012-01-18,75.809998,75.809998,72.849998,73.260002,13761200,59.03755699999999
2012-01-19,73.690002,74.519997,73.129997,73.779999,8226400,59.456604000000006
2012-01-20,73.959999,74.620003,73.650002,74.519997,6017200,60.052941000000004
2012-01-23,74.389999,75.099998,74.089996,74.860001,5924200,60.326938
2012-01-24,74.650002,75.199997,73.870003,74.150002,4608700,59.754775
2012-01-25,73.83000200000001,76.93,73.699997,76.809998,8417000,61.898368999999995
2012-01-26,77.150002,77.150002,75.860001,76.379997,5419800,61.551846999999995
2012-01-27,76.290001,76.730003,75.220001,75.459999,5934500,60.81045400000001
2012-01-30,75.120003,75.230003,74.510002,74.900002,4698900,60.359173
2012-01-31,75.029999,75.209999,74.5,74.769997,5688800,60.25440699999999
2012-02-01,75.190002,76.08000200000001,75.150002,75.75,4321500,61.04415600000001
2012-02-02,76.019997,76.019997,75.33000200000001,75.839996,2967200,61.11668
2012-02-03,76.449997,76.800003,75.809998,76.620003,3496200,61.745259
2012-02-06,76.459999,77.18,76.260002,76.849998,3733700,61.930604
2012-02-07,76.510002,77.980003,76.489998,77.599998,5607100,62.535002
2012-02-08,77.589996,77.910004,77.07,77.879997,5024600,62.760642000000004
2012-02-09,77.900002,80.989998,77.839996,80.059998,10988900,64.517425
2012-02-10,80.08000200000001,80.480003,79.709999,80.440002,7602800,64.823657
2012-02-13,80.690002,81.889999,80.41999799999999,81.610001,7551400,65.76651600000001
2012-02-14,81.220001,81.650002,81.0,81.650002,5689100,65.798751
2012-02-15,81.889999,82.050003,81.16999799999999,81.550003,4965800,65.718166
2012-02-16,81.639999,82.309998,81.269997,81.940002,4548900,66.032452
2012-02-17,82.339996,82.660004,81.510002,81.739998,5418400,65.871276
2012-02-21,82.269997,82.68,81.900002,82.269997,5134700,66.298383
2012-02-22,82.099998,82.769997,81.540001,82.290001,5085700,66.314503
2012-02-23,81.970001,82.360001,81.309998,82.16999799999999,4272600,66.21779699999999
2012-02-24,82.5,83.08000200000001,82.290001,83.019997,4023000,66.90278
2012-02-27,82.599998,83.360001,82.489998,83.099998,4340200,66.967251
2012-02-28,83.18,83.949997,83.0,83.860001,4728900,67.579709
2012-02-29,84.0,84.300003,83.519997,83.519997,5817000,67.305712
2012-03-01,83.5,84.33000200000001,82.910004,84.230003,4944700,67.87788
2012-03-02,84.290001,84.730003,83.790001,84.550003,4183300,68.135756
2012-03-05,84.400002,85.43,84.139999,85.41999799999999,4097400,68.836854
2012-03-06,84.82,85.41999799999999,83.970001,84.059998,6932900,67.740879
2012-03-07,84.040001,84.389999,83.260002,84.07,4852700,67.74893900000001
2012-03-08,84.809998,85.160004,84.540001,84.620003,3738200,68.192167
2012-03-09,84.940002,85.239998,84.610001,84.610001,3601500,68.184106
2012-03-12,84.93,85.559998,83.900002,84.540001,8037600,68.127696
2012-03-13,84.779999,85.760002,84.589996,85.709999,5132900,69.070555
2012-03-14,85.339996,85.760002,84.949997,85.449997,5170700,68.861028
2012-03-15,85.459999,85.900002,85.239998,85.900002,4849500,69.223671
2012-03-16,85.970001,86.16999799999999,85.540001,85.809998,7930600,69.15114
2012-03-19,85.82,86.599998,85.459999,86.339996,3724600,69.578246
2012-03-20,85.83000200000001,86.660004,85.82,86.540001,4578900,69.739423
2012-03-21,86.540001,86.699997,86.059998,86.120003,4892200,69.40096199999999
2012-03-22,85.980003,87.139999,85.91999799999999,86.839996,6051300,69.981178
2012-03-23,86.860001,87.150002,86.43,86.83000200000001,6264900,69.973124
2012-03-26,87.089996,88.510002,87.0,88.150002,6321400,71.036863
2012-03-27,88.139999,88.41999799999999,87.519997,87.519997,5187900,71.150676
2012-03-28,87.5,87.589996,86.620003,86.970001,6090500,70.703549
2012-03-29,86.510002,87.0,86.139999,86.650002,4906400,70.443401
2012-03-30,87.07,88.860001,87.07,88.610001,6974800,72.036811
2012-04-02,88.860001,89.620003,88.849998,89.379997,4848300,72.662791
2012-04-03,88.790001,89.019997,88.290001,88.980003,7640600,72.33761
2012-04-04,88.629997,90.099998,88.599998,89.489998,7032900,72.752218
2012-04-05,89.099998,89.25,88.110001,88.639999,6328000,72.061199
2012-04-09,87.949997,88.699997,87.949997,88.370003,3422700,71.841701
2012-04-10,88.089996,88.230003,86.889999,87.050003,5615400,70.768588
2012-04-11,87.639999,88.199997,87.300003,87.519997,5166600,71.150676
2012-04-12,87.739998,87.779999,86.620003,87.260002,5058900,70.93930999999999
2012-04-13,87.550003,88.790001,87.410004,87.839996,6023400,71.410825
2012-04-16,88.16999799999999,88.260002,86.529999,87.040001,5765900,70.76045699999999
2012-04-17,87.260002,87.900002,86.790001,87.449997,4819400,71.093769
2012-04-18,87.0,88.110001,86.629997,87.739998,4861600,71.32953
2012-04-19,88.0,88.0,86.099998,86.75,6089700,70.52469599999999
2012-04-20,86.379997,88.32,86.139999,87.809998,6637800,71.386437
2012-04-23,87.160004,87.58000200000001,86.610001,86.940002,4677700,70.679161
2012-04-24,87.089996,87.260002,86.120003,86.16999799999999,5064700,70.053175
2012-04-25,86.400002,87.879997,86.18,87.639999,6191900,71.248234
2012-04-26,87.82,88.75,87.459999,88.550003,4545700,71.988035
2012-04-27,88.989998,90.629997,88.66999799999999,89.809998,7067800,73.012366
2012-04-30,89.809998,89.980003,89.0,89.510002,6439100,72.76848100000001
2012-05-01,89.309998,91.050003,89.309998,90.0,5911600,73.166832
2012-05-02,89.809998,90.68,89.809998,90.309998,5132600,73.418849
2012-05-03,90.019997,90.629997,89.519997,89.959999,5300000,73.134312
2012-05-04,89.75,90.110001,89.0,89.129997,3710000,72.45955
2012-05-07,88.989998,89.18,88.220001,88.279999,5218200,71.76853100000001
2012-05-08,88.120003,88.410004,87.110001,87.720001,6154600,71.313273
2012-05-09,86.839996,86.980003,85.639999,85.639999,7574900,69.62230500000001
2012-05-10,86.32,86.739998,85.989998,86.160004,5120600,70.04505
2012-05-11,85.57,86.470001,85.57,86.150002,4842300,70.036919
2012-05-14,85.650002,86.0,85.129997,85.389999,4833200,69.419064
2012-05-15,85.269997,85.66999799999999,84.550003,84.720001,4777200,68.874379
2012-05-16,84.779999,85.660004,84.58000200000001,85.239998,4998800,69.29711800000001
2012-05-17,85.120003,85.309998,84.190002,84.199997,4578200,68.451633
2012-05-18,84.519997,85.309998,84.110001,84.300003,6538900,68.532935
2012-05-21,84.599998,84.860001,83.779999,84.739998,4646100,68.890635
2012-05-22,84.989998,85.769997,84.699997,85.059998,4994900,69.150784
2012-05-23,84.730003,84.970001,83.989998,84.33000200000001,4938500,68.557323
2012-05-24,84.43,85.5,84.339996,85.339996,5261700,69.378413
2012-05-25,85.339996,85.900002,85.25,85.379997,3603300,69.41093199999999
2012-05-29,85.43,85.730003,84.91999799999999,85.589996,3809500,69.581654
2012-05-30,84.949997,85.470001,84.639999,84.879997,4203500,69.00445
2012-05-31,84.839996,85.260002,84.410004,84.510002,5967600,68.70365699999999
2012-06-01,83.160004,83.779999,82.459999,82.790001,7960100,67.305356
2012-06-04,82.620003,82.699997,81.339996,81.910004,6040300,66.58995
2012-06-05,81.410004,82.110001,81.099998,81.910004,4298300,66.58995
2012-06-06,82.010002,83.07,81.910004,83.07,4818100,67.532985
2012-06-07,83.949997,84.08000200000001,83.400002,83.599998,3599800,67.963856
2012-06-08,83.400002,84.110001,83.230003,83.970001,3821300,68.264655
2012-06-11,84.410004,85.18,84.08000200000001,84.379997,14009800,68.59796700000001
2012-06-12,84.639999,85.470001,84.33000200000001,85.010002,4642200,69.110139
2012-06-13,85.860001,87.050003,85.199997,85.699997,4648300,69.671081
2012-06-14,85.989998,87.989998,85.889999,87.339996,4914600,71.00434200000001
2012-06-15,87.940002,88.190002,87.190002,87.730003,8794800,71.321404
2012-06-18,87.519997,88.68,87.300003,88.129997,4128500,71.646585
2012-06-19,88.440002,88.93,88.099998,88.519997,4908700,71.96364100000001
2012-06-20,88.480003,88.809998,87.839996,88.510002,4612600,71.955516
2012-06-21,87.68,88.029999,85.5,85.599998,9160700,69.58978499999999
2012-06-22,86.08000200000001,86.589996,85.550003,86.010002,7178700,69.92310400000001
2012-06-25,84.639999,84.760002,83.93,83.989998,5044400,68.897715
2012-06-26,84.050003,84.449997,83.790001,84.029999,4600100,68.93052800000001
2012-06-27,84.160004,85.25,84.160004,84.900002,4641300,69.644199
2012-06-28,84.360001,85.809998,84.089996,85.620003,4093200,70.234822
2012-06-29,86.910004,87.599998,86.400002,87.260002,6269100,71.580127
2012-07-02,87.339996,89.059998,87.199997,89.0,4728400,73.007462
2012-07-03,88.879997,89.57,88.639999,89.489998,2487200,73.409412
2012-07-05,89.220001,89.57,88.599998,88.980003,3772700,72.99105899999999
2012-07-06,88.459999,89.58000200000001,88.18,89.449997,3780700,73.376599
2012-07-09,89.309998,90.989998,89.220001,90.610001,5976200,74.32816
2012-07-10,91.059998,91.389999,90.389999,90.699997,4399100,74.401984
2012-07-11,90.629997,91.07,90.239998,90.540001,4618800,74.270738
2012-07-12,90.510002,90.879997,89.889999,89.900002,4797900,73.74574100000001
2012-07-13,90.08000200000001,90.489998,89.75,90.209999,3507600,74.000035
2012-07-16,90.099998,91.0,90.019997,90.839996,4117800,74.516827
2012-07-17,90.529999,91.0,89.25,89.989998,4634100,73.81956600000001
2012-07-18,89.900002,90.0,88.91999799999999,89.410004,5162400,73.34379200000001
2012-07-19,89.510002,90.730003,89.309998,89.550003,6410400,73.458635
2012-07-20,88.83000200000001,89.32,88.190002,88.889999,6255300,72.91722800000001
2012-07-23,88.309998,88.959999,87.779999,87.989998,4037100,72.178949
2012-07-24,87.889999,88.400002,87.019997,87.690002,4915000,71.93285999999999
2012-07-25,87.809998,88.07,86.83000200000001,86.889999,4566700,71.276611
2012-07-26,87.889999,89.010002,87.889999,88.599998,5348600,72.679338
2012-07-27,88.41999799999999,90.989998,87.75,90.300003,6680300,74.07386600000001
2012-07-30,89.900002,91.389999,89.870003,91.18,4151500,74.795735
2012-07-31,91.16999799999999,91.809998,90.849998,91.440002,5541000,75.009017
2012-08-01,91.449997,91.790001,90.25,90.639999,3362100,74.35276800000001
2012-08-02,90.300003,90.91999799999999,89.550003,90.07,3962700,73.885192
2012-08-03,91.16999799999999,92.0,90.730003,91.93,4123300,75.410967
2012-08-06,92.0,93.150002,91.800003,92.230003,4546100,75.657062
2012-08-07,92.660004,92.889999,91.25,91.32,4299500,74.910578
2012-08-08,91.199997,92.010002,90.559998,91.769997,3403700,75.279714
2012-08-09,91.769997,91.970001,91.040001,91.379997,2807700,74.959795
2012-08-10,91.099998,92.43,91.059998,92.209999,2640000,75.640652
2012-08-13,91.980003,92.489998,91.68,92.43,2418100,75.82112099999999
2012-08-14,92.489998,93.480003,92.110001,93.139999,4051500,76.403539
2012-08-15,92.980003,93.260002,92.269997,92.970001,4163600,76.264088
2012-08-16,92.459999,93.480003,92.08000200000001,93.290001,4595400,76.526587
2012-08-17,93.480003,93.5,92.730003,93.379997,4161600,76.600412
2012-08-20,93.389999,93.599998,92.989998,93.16999799999999,2919500,76.428148
2012-08-21,93.139999,93.290001,91.589996,91.709999,3779700,75.230498
2012-08-22,91.389999,91.589996,90.849998,90.870003,3905800,74.541442
2012-08-23,90.68,90.849998,88.68,88.690002,6914900,72.753169
2012-08-24,88.559998,89.989998,88.279999,89.760002,5397900,73.630899
2012-08-27,89.790001,90.489998,89.68,90.089996,2943300,73.901596
2012-08-28,89.800003,91.239998,89.779999,90.879997,3094500,74.54964
2012-08-29,91.480003,91.989998,90.760002,90.779999,4027700,74.467611
2012-08-30,90.839996,90.959999,90.309998,90.550003,2666900,74.278943
2012-08-31,90.809998,91.559998,89.300003,89.300003,6626500,73.253557
2012-09-04,89.440002,89.949997,89.16999799999999,89.629997,3917000,73.52425500000001
2012-09-05,89.519997,89.879997,89.0,89.089996,3766600,73.081287
2012-09-06,89.110001,90.099998,89.0,89.480003,5497600,73.401213
2012-09-07,89.400002,89.879997,88.66999799999999,88.83000200000001,4860000,72.868011
2012-09-10,88.639999,88.849998,87.970001,88.620003,4862200,72.695747
2012-09-11,88.709999,89.07,88.379997,88.379997,4193300,72.498869
2012-09-12,88.589996,88.589996,86.110001,86.66999799999999,8388100,71.096142
2012-09-13,87.029999,90.57,86.800003,90.150002,17534600,73.950818
2012-09-14,89.599998,90.050003,88.839996,89.480003,19859500,73.401213
2012-09-17,89.360001,90.910004,89.349998,90.690002,18849900,74.39378599999999
2012-09-18,90.690002,91.849998,90.510002,91.510002,4473800,75.066439
2012-09-19,91.300003,91.93,90.82,91.639999,4209700,75.173076
2012-09-20,91.510002,92.25,91.510002,92.129997,5467100,75.575026
2012-09-21,92.300003,92.589996,92.029999,92.139999,6761500,75.58323100000001
2012-09-24,92.010002,92.32,91.5,92.129997,3907400,75.575026
2012-09-25,91.489998,91.949997,90.059998,90.08000200000001,4973400,74.581491
2012-09-26,90.089996,90.949997,89.940002,90.410004,3910900,74.854715
2012-09-27,90.559998,91.019997,89.940002,90.660004,3860900,75.061702
2012-09-28,90.5,90.5,89.730003,89.940002,5092900,74.46557800000001
2012-10-01,90.269997,91.16999799999999,90.0,90.709999,4336200,75.103095
2012-10-02,91.099998,92.0,91.099998,91.849998,3879800,76.046954
2012-10-03,91.91999799999999,92.940002,91.849998,92.769997,3823800,76.80866400000001
2012-10-04,93.040001,94.0,92.989998,93.309998,3516700,77.25575699999999
2012-10-05,93.75,94.129997,93.400002,93.739998,3906800,77.611774
2012-10-08,93.699997,93.860001,93.029999,93.349998,2944600,77.288875
2012-10-09,92.779999,93.230003,91.489998,91.5,4057500,75.75717399999999
2012-10-10,91.660004,92.360001,90.699997,90.779999,3794600,75.161051
2012-10-11,91.839996,91.839996,90.620003,90.839996,4422300,75.210726
2012-10-12,91.480003,92.779999,91.370003,91.699997,3617300,75.922761
2012-10-15,92.150002,92.309998,91.5,92.059998,4761400,76.220823
2012-10-16,92.489998,92.800003,91.940002,92.519997,2996300,76.601678
2012-10-17,92.209999,92.82,91.83000200000001,91.849998,4829300,76.046954
2012-10-18,89.08000200000001,90.360001,87.959999,88.0,8848900,72.859359
2012-10-19,88.160004,89.57,88.0,88.120003,7140900,72.958715
2012-10-22,88.279999,89.410004,88.099998,89.199997,4386700,73.85289300000001
2012-10-23,88.510002,88.510002,87.400002,87.910004,4171500,72.784847
2012-10-24,87.800003,88.43,87.510002,87.730003,3948800,72.635816
2012-10-25,88.32,88.559998,87.529999,87.730003,3710500,72.635816
2012-10-26,87.949997,88.970001,87.480003,88.279999,4375000,73.091183
2012-10-31,89.239998,89.5,88.260002,88.559998,5379100,73.32300699999999
2012-11-01,88.970001,89.43,87.559998,87.589996,5298000,72.519897
2012-11-02,87.650002,88.470001,86.870003,86.93,9707000,71.973455
2012-11-05,86.610001,87.449997,85.660004,86.790001,4741200,71.857543
2012-11-06,87.0,87.860001,86.91999799999999,87.389999,4059800,72.35431
2012-11-07,87.160004,87.589996,86.339996,86.349998,5175400,71.493245
2012-11-08,86.41999799999999,87.220001,85.519997,85.550003,4271600,70.83089100000001
2012-11-09,84.769997,86.480003,84.529999,85.41999799999999,3982600,70.723253
2012-11-12,85.32,86.209999,84.900002,84.980003,3493200,70.358961
2012-11-13,84.589996,85.550003,84.349998,84.41999799999999,5288800,69.895306
2012-11-14,84.400002,85.16999799999999,82.239998,82.389999,8158500,68.214574
2012-11-15,82.199997,84.029999,82.099998,83.970001,7166800,69.52273199999999
2012-11-16,84.209999,85.199997,83.889999,84.93,6501000,70.317561
2012-11-19,85.589996,86.860001,85.540001,86.860001,5035500,71.915499
2012-11-20,86.93,88.129997,86.860001,88.099998,5853300,72.94215200000001
2012-11-21,88.18,88.879997,88.010002,88.720001,3296700,73.45548199999999
2012-11-23,89.0,90.43,88.900002,90.410004,2169500,74.854715
2012-11-26,89.839996,90.0,89.139999,89.870003,3384100,74.407622
2012-11-27,90.519997,90.519997,89.07,89.129997,4474400,73.794937
2012-11-28,89.0,90.040001,88.25,89.910004,5520800,74.440741
2012-11-29,89.970001,90.839996,89.489998,90.33000200000001,5658300,74.788477
2012-11-30,89.93,90.400002,89.559998,89.879997,7562500,74.415897
2012-12-03,90.010002,90.489998,89.730003,89.800003,3848200,74.349666
2012-12-04,89.809998,89.949997,88.949997,88.949997,4145400,73.64590600000001
2012-12-05,89.07,89.41999799999999,88.18,88.529999,6070300,73.29817
2012-12-06,88.650002,89.57,88.379997,88.66999799999999,4198900,73.414082
2012-12-07,88.66999799999999,89.699997,88.66999799999999,89.470001,3897500,74.076442
2012-12-10,89.160004,89.959999,88.989998,89.07,3619300,73.745262
2012-12-11,89.489998,89.720001,88.16999799999999,88.459999,4918500,73.240214
2012-12-12,88.900002,89.699997,88.510002,88.779999,4600700,73.505157
2012-12-13,88.690002,89.199997,87.910004,88.199997,3898500,73.024946
2012-12-14,87.510002,88.300003,87.510002,87.75,4875800,72.652372
2012-12-17,87.949997,88.470001,87.110001,87.389999,5717300,72.35431
2012-12-18,87.279999,87.449997,85.379997,86.510002,8176600,71.62571899999999
2012-12-19,86.519997,86.760002,84.620003,84.650002,9307000,70.085737
2012-12-20,84.440002,85.57,83.790001,85.5,7770400,70.822122
2012-12-21,85.190002,85.760002,84.099998,84.949997,10896300,70.366538
2012-12-24,83.599998,84.260002,83.599998,83.739998,2435100,69.433735
2012-12-26,83.83000200000001,83.849998,82.809998,82.949997,3509600,68.778699
2012-12-27,83.139999,83.93,82.910004,83.769997,5230400,69.458608
2012-12-28,83.199997,83.989998,82.599998,82.650002,3911100,68.529955
2012-12-31,82.720001,83.739998,82.440002,83.639999,5705000,69.35082
2013-01-02,84.699997,86.769997,84.33000200000001,86.739998,6499100,71.92121
2013-01-03,86.940002,87.32,85.400002,85.860001,5817000,71.191553
2013-01-04,86.0,86.650002,85.870003,86.519997,4205800,71.738794
2013-01-07,86.16999799999999,86.699997,85.910004,86.25,3980800,71.514924
2013-01-08,86.220001,86.559998,85.970001,86.089996,4426100,71.38225600000001
2013-01-09,86.349998,86.660004,85.510002,85.83000200000001,4776300,71.166679
2013-01-10,86.379997,87.290001,86.32,87.290001,5312800,72.37725
2013-01-11,88.529999,89.83000200000001,88.529999,89.230003,8106000,73.98581999999999
2013-01-14,89.339996,89.660004,88.769997,89.07,4521100,73.853151
2013-01-15,88.650002,89.309998,88.550003,88.91999799999999,4439700,73.728776
2013-01-16,88.440002,88.779999,87.900002,88.339996,3400400,73.247863
2013-01-17,88.660004,89.389999,88.470001,89.139999,4568300,73.911192
2013-01-18,89.410004,89.980003,88.900002,89.980003,5443600,74.60768900000001
2013-01-22,89.93,90.290001,89.25,90.029999,5937000,74.64914300000001
2013-01-23,89.730003,90.0,88.540001,88.839996,4865200,73.662442
2013-01-24,89.120003,90.0,88.760002,89.760002,4403600,74.425273
2013-01-25,89.83000200000001,90.0,89.0,89.41999799999999,4499700,74.14335600000001
2013-01-28,89.309998,89.400002,88.879997,89.0,4549700,73.79511
2013-01-29,88.639999,89.559998,88.550003,88.910004,4972700,73.720489
2013-01-30,88.440002,88.66999799999999,87.400002,87.650002,6468300,72.675748
2013-01-31,87.809998,89.019997,87.650002,88.160004,5045200,73.09862
2013-02-01,88.91999799999999,88.970001,87.660004,88.129997,5420400,73.07374
2013-02-04,87.529999,88.050003,86.800003,87.33000200000001,5808700,72.41041700000001
2013-02-05,87.43,88.139999,87.309998,87.959999,4546200,72.932785
2013-02-06,87.75,87.91999799999999,87.360001,87.690002,3920500,72.708915
2013-02-07,87.150002,90.0,86.849998,89.82,7478500,74.47502
2013-02-08,89.639999,90.849998,89.639999,90.449997,4366500,74.997388
2013-02-11,90.400002,90.82,90.239998,90.349998,3283400,74.914473
2013-02-12,90.629997,90.730003,90.010002,90.139999,3638500,74.740351
2013-02-13,90.43,91.470001,90.43,90.989998,3852800,75.445134
2013-02-14,90.860001,90.989998,89.849998,90.010002,5268700,74.632562
2013-02-15,90.059998,91.0,89.400002,89.989998,5235600,74.615976
2013-02-19,90.370003,91.400002,90.089996,91.309998,4428500,75.710465
2013-02-20,91.279999,92.790001,90.75,92.089996,4866700,76.35720699999999
2013-02-21,91.610001,93.610001,91.349998,93.129997,5990900,77.219533
2013-02-22,93.220001,93.480003,92.629997,93.41999799999999,4070600,77.45999
2013-02-25,93.279999,93.57,91.550003,91.559998,6398900,75.917754
2013-02-26,92.029999,92.589996,91.160004,91.599998,5150100,75.950921
2013-02-27,91.360001,91.82,90.730003,91.43,4801300,75.809966
2013-02-28,91.68,92.25,91.379997,91.75,6038900,76.075296
2013-03-01,91.690002,92.66999799999999,91.139999,91.440002,4554100,75.818259
2013-03-04,91.480003,92.57,91.470001,92.360001,4116200,76.58108399999999
2013-03-05,92.5,92.91999799999999,91.91999799999999,92.279999,4552800,76.514749
2013-03-06,92.339996,92.629997,91.410004,91.599998,4083800,75.950921
2013-03-07,91.400002,91.959999,91.400002,91.809998,3178600,76.12504399999999
2013-03-08,91.870003,91.91999799999999,90.910004,91.110001,3946700,75.544635
2013-03-11,90.900002,91.550003,90.82,91.209999,3249400,75.62755
2013-03-12,91.379997,91.41999799999999,90.300003,90.889999,4420000,75.36222
2013-03-13,90.839996,90.900002,90.040001,90.550003,4122500,75.080309
2013-03-14,90.93,91.599998,90.83000200000001,91.309998,5079000,75.710465
2013-03-15,90.980003,91.629997,90.239998,91.370003,9899400,75.76021800000001
2013-03-18,90.540001,90.93,90.25,90.360001,4503000,74.92276700000001
2013-03-19,90.589996,91.220001,90.290001,90.809998,3717900,75.295885
2013-03-20,91.0,91.709999,90.989998,91.41999799999999,4184500,75.801673
2013-03-21,91.120003,91.540001,90.879997,91.050003,4008600,75.494888
2013-03-22,91.0,91.970001,90.849998,91.620003,13665900,75.967508
2013-03-25,91.989998,92.629997,91.779999,91.989998,14448600,76.274293
2013-03-26,91.540001,91.809998,90.989998,91.760002,4675200,76.79316899999999
2013-03-27,91.290001,92.639999,91.239998,92.0,4168300,76.99402099999999
2013-03-28,92.040001,92.940002,91.949997,92.709999,4424700,77.588213
2013-04-01,92.739998,92.809998,92.07,92.779999,2946600,77.646795
2013-04-02,93.050003,94.449997,92.900002,94.410004,4619000,79.010933
2013-04-03,94.58000200000001,95.32,94.07,94.360001,6293500,78.96908499999999
2013-04-04,94.739998,95.260002,94.349998,94.529999,3820000,79.111355
2013-04-05,93.790001,94.0,92.33000200000001,92.720001,5033400,77.596584
2013-04-08,92.940002,94.489998,92.800003,94.440002,3674300,79.036038
2013-04-09,94.769997,95.099998,94.059998,94.540001,3295400,79.119726
2013-04-10,94.889999,95.41999799999999,94.239998,95.260002,3744500,79.722289
2013-04-11,95.33000200000001,96.07,95.029999,95.599998,3718300,80.00682900000001
2013-04-12,95.66999799999999,96.599998,95.300003,96.440002,3944500,80.70982099999999
2013-04-15,95.940002,96.16999799999999,94.089996,94.110001,5015900,78.759863
2013-04-16,94.459999,95.230003,93.730003,94.970001,5630000,79.47959
2013-04-17,94.57,94.720001,93.519997,94.040001,4342800,78.70128000000001
2013-04-18,92.0,92.620003,90.699997,91.690002,8277400,76.734587
2013-04-19,91.940002,92.599998,91.5,91.949997,5951000,76.952174
2013-04-22,91.900002,92.949997,91.66999799999999,92.82,4176900,77.680272
2013-04-23,93.279999,93.879997,92.0,93.599998,4274000,78.333046
2013-04-24,93.769997,94.940002,93.639999,94.050003,5209100,78.70965100000001
2013-04-25,94.470001,94.809998,94.209999,94.639999,3363200,79.203414
2013-04-26,94.769997,95.720001,94.66999799999999,95.309998,4369700,79.76413000000001
2013-04-29,95.309998,96.120003,94.959999,95.959999,3802700,80.308111
2013-04-30,95.83000200000001,95.900002,95.059998,95.589996,3716400,79.998458
2013-05-01,95.32,96.730003,95.220001,95.66999799999999,5123100,80.065411
2013-05-02,95.879997,96.040001,94.540001,95.010002,5691600,79.51306600000001
2013-05-03,95.459999,95.599998,94.050003,94.260002,5661500,78.885398
2013-05-06,93.779999,94.08000200000001,92.849998,93.110001,6189600,77.92297099999999
2013-05-07,93.120003,93.889999,93.0,93.610001,4977600,78.341417
2013-05-08,93.650002,94.559998,93.470001,94.510002,4239000,79.09461999999999
2013-05-09,94.379997,94.540001,93.43,93.709999,3770900,78.425105
2013-05-10,93.949997,94.099998,93.0,93.32,5357900,78.098718
2013-05-13,93.160004,94.540001,93.029999,94.040001,4749300,78.70128000000001
2013-05-14,93.970001,95.040001,93.839996,94.959999,4634400,79.47121899999999
2013-05-15,95.059998,96.309998,94.970001,96.300003,5042600,80.59265699999999
2013-05-16,95.809998,96.32,95.25,95.440002,5138800,79.87293000000001
2013-05-17,95.529999,96.010002,94.959999,95.68,5141000,80.073782
2013-05-20,95.68,95.75,94.75,95.0,3855300,79.504696
2013-05-21,94.940002,94.970001,93.690002,94.400002,5202400,79.002562
2013-05-22,93.940002,95.33000200000001,93.75,93.970001,7011900,78.642698
2013-05-23,93.400002,94.599998,93.300003,94.309998,5458000,78.927238
2013-05-24,93.860001,94.43,93.33000200000001,94.120003,3815700,78.768233
2013-05-28,94.889999,95.599998,93.160004,93.360001,6276300,78.132194
2013-05-29,92.66999799999999,92.739998,91.449997,92.25,6789000,77.203244
2013-05-30,92.25,92.910004,92.019997,92.41999799999999,4373900,77.345514
2013-05-31,91.970001,92.57,90.889999,90.910004,7408600,76.081812
2013-06-03,90.949997,92.660004,90.199997,92.379997,6554000,77.312037
2013-06-04,92.379997,92.82,91.41999799999999,91.889999,4728500,76.901962
2013-06-05,91.660004,91.720001,90.410004,90.470001,4480200,75.713578
2013-06-06,90.150002,92.0,89.43,92.0,9930500,76.99402099999999
2013-06-07,92.650002,93.07,91.07,92.089996,5650600,77.069338
2013-06-10,92.260002,92.730003,91.410004,91.629997,3888200,76.68436899999999
2013-06-11,91.089996,92.33000200000001,90.849998,91.230003,3648100,76.34961700000001
2013-06-12,91.699997,92.150002,91.099998,91.650002,4194800,76.70111
2013-06-13,91.739998,92.769997,91.360001,92.58000200000001,3899900,77.47941999999999
2013-06-14,92.32,93.16999799999999,91.970001,92.120003,3811100,77.09445
2013-06-17,92.43,93.0,91.82,92.470001,4584500,77.387361
2013-06-18,92.510002,92.879997,91.940002,92.650002,2888100,77.538002
2013-06-19,92.730003,93.129997,90.260002,90.260002,4843400,75.53783100000001
2013-06-20,89.860001,89.860001,86.33000200000001,86.629997,9511400,72.499911
2013-06-21,87.480003,88.440002,86.650002,87.459999,11088400,73.19453299999999
2013-06-24,86.610001,88.029999,86.050003,86.849998,6824800,72.684028
2013-06-25,86.57,86.940002,86.050003,86.5,6387200,73.10661400000001
2013-06-26,87.120003,88.410004,86.940002,87.540001,6448100,73.985584
2013-06-27,88.370003,88.959999,87.690002,87.779999,5276500,74.188422
2013-06-28,87.5,88.32,86.559998,86.620003,11121000,73.20803599999999
2013-07-01,87.110001,87.959999,87.110001,87.529999,5338100,73.977131
2013-07-02,87.389999,88.379997,87.050003,87.559998,4775900,74.002485
2013-07-03,87.08000200000001,88.18,86.800003,87.75,2070400,74.16306800000001
2013-07-05,88.120003,88.25,86.58000200000001,87.510002,3039500,73.96023100000001
2013-07-08,88.010002,89.120003,87.779999,88.57,4373500,74.856101
2013-07-09,89.279999,89.900002,88.93,89.18,4290500,75.371651
2013-07-10,89.220001,89.910004,88.220001,88.43,5005700,74.737779
2013-07-11,89.839996,91.08000200000001,89.660004,90.339996,5808600,76.352037
2013-07-12,90.989998,91.400002,89.040001,89.699997,4957000,75.811133
2013-07-15,89.68,90.18,89.209999,89.610001,3612400,75.735072
2013-07-16,89.519997,90.75,89.309998,89.949997,4933700,76.022424
2013-07-17,90.260002,90.650002,89.709999,89.709999,4354200,75.819587
2013-07-18,88.279999,90.199997,87.650002,89.25,6148200,75.430813
2013-07-19,89.309998,89.489998,88.449997,88.610001,5242400,74.889909
2013-07-22,89.0,90.099998,88.57,89.230003,4326700,75.413912
2013-07-23,89.199997,89.68,88.58000200000001,88.779999,4164800,75.033585
2013-07-24,88.839996,88.93,87.889999,88.540001,5171600,74.830748
2013-07-25,88.089996,89.66999799999999,88.089996,89.220001,3956400,75.405459
2013-07-26,88.68,88.989998,87.720001,88.879997,3825700,75.1181
2013-07-29,88.599998,89.139999,88.349998,88.66999799999999,3250200,74.940616
2013-07-30,89.099998,89.440002,88.66999799999999,89.16999799999999,3672200,75.363198
2013-07-31,89.139999,89.940002,88.83000200000001,89.18,5371200,75.371651
2013-08-01,89.610001,89.900002,89.370003,89.709999,5262700,75.819587
2013-08-02,89.389999,89.75,89.110001,89.589996,3507000,75.718165
2013-08-05,89.389999,89.559998,88.709999,89.220001,2791100,75.405459
2013-08-06,89.010002,89.16999799999999,88.559998,88.769997,4230000,75.025131
2013-08-07,88.650002,88.650002,87.879997,88.209999,4218900,74.55184200000001
2013-08-08,88.519997,89.800003,88.410004,89.360001,4193400,75.523781
2013-08-09,89.349998,89.57,88.43,88.699997,3338200,74.96597
2013-08-12,88.209999,88.730003,88.0,88.300003,2918500,74.62791
2013-08-13,88.209999,88.589996,87.58000200000001,88.33000200000001,3035900,74.65326400000001
2013-08-14,88.519997,88.980003,87.809998,88.18,2942200,74.526488
2013-08-15,87.790001,88.029999,86.949997,87.139999,3630400,73.647518
2013-08-16,86.699997,87.150002,85.599998,85.75,4711100,72.47274200000001
2013-08-19,85.599998,85.800003,85.059998,85.160004,4447100,71.974098
2013-08-20,85.220001,85.239998,84.18,84.209999,5963200,71.171189
2013-08-21,84.129997,84.809998,83.66999799999999,83.769997,7091700,70.799316
2013-08-22,83.739998,84.370003,83.739998,84.16999799999999,4718800,71.13738199999999
2013-08-23,84.349998,85.639999,84.269997,85.370003,4331400,72.15158199999999
2013-08-26,85.5,85.650002,84.410004,84.410004,3420100,71.340226
2013-08-27,83.989998,84.589996,83.529999,84.110001,5002600,71.086674
2013-08-28,83.769997,83.809998,82.900002,82.949997,6096300,70.106282
2013-08-29,83.029999,84.41999799999999,82.860001,83.879997,4510700,70.892284
2013-08-30,83.66999799999999,84.0,83.150002,83.440002,4386000,70.52041700000001
2013-09-03,83.83000200000001,84.389999,83.160004,83.400002,4725500,70.486609
2013-09-04,83.279999,84.309998,83.199997,83.849998,3708000,70.86693000000001
2013-09-05,83.959999,84.75,83.690002,84.099998,4310700,71.078221
2013-09-06,84.379997,84.620003,83.559998,84.190002,3574500,71.154289
2013-09-09,84.410004,84.519997,83.730003,84.510002,3965200,71.424741
2013-09-10,84.790001,84.910004,84.040001,84.230003,4462500,71.188096
2013-09-11,84.690002,86.58000200000001,84.610001,86.559998,5591800,73.157322
2013-09-12,86.599998,86.730003,85.980003,86.279999,4237800,72.920677
2013-09-13,86.489998,87.879997,86.489998,87.779999,4455700,74.188422
2013-09-16,88.68,89.08000200000001,87.730003,87.849998,4262900,74.24758299999999
2013-09-17,87.769997,88.349998,87.720001,88.220001,4154100,74.560296
2013-09-18,88.309998,90.220001,87.83000200000001,89.949997,5829800,76.022424
2013-09-19,90.08000200000001,91.25,89.889999,90.540001,4761800,76.521074
2013-09-20,90.660004,90.959999,90.360001,90.470001,20793500,76.461913
2013-09-23,90.120003,90.160004,89.260002,89.75,13825500,75.853394
2013-09-24,88.489998,88.550003,87.269997,87.410004,5731000,74.65764399999999
2013-09-25,87.400002,87.599998,86.559998,86.910004,3990000,74.230589
2013-09-26,87.019997,87.720001,86.769997,87.690002,3597600,74.896793
2013-09-27,87.260002,87.459999,86.720001,87.33000200000001,3319400,74.589314
2013-09-30,86.720001,87.209999,86.279999,86.589996,4288500,73.957268
2013-10-01,86.730003,87.43,86.519997,87.370003,3538600,74.623479
2013-10-02,86.980003,87.769997,86.57,87.720001,4335900,74.922415
2013-10-03,87.540001,87.949997,86.800003,87.489998,3987700,74.72596800000001
2013-10-04,87.440002,87.690002,86.739998,87.040001,3600100,74.34162099999999
2013-10-07,86.629997,87.260002,86.470001,86.58000200000001,3728500,73.94873199999999
2013-10-08,86.41999799999999,87.029999,85.900002,85.940002,4643400,73.402103
2013-10-09,86.08000200000001,86.41999799999999,84.160004,84.160004,7307300,71.881791
2013-10-10,84.800003,86.199997,84.800003,86.160004,5831400,73.590008
2013-10-11,86.290001,86.709999,84.709999,85.029999,5988600,72.624861
2013-10-14,84.690002,87.050003,84.660004,86.690002,4534500,74.04268499999999
2013-10-15,86.559998,86.559998,85.400002,85.5,4978700,73.02629300000001
2013-10-16,85.949997,86.25,85.400002,86.089996,4808700,73.530214
2013-10-17,85.83000200000001,87.5,85.790001,86.889999,6286300,74.213504
2013-10-18,86.849998,87.239998,86.110001,86.93,5654300,74.24766899999999
2013-10-21,86.639999,86.970001,86.379997,86.849998,3437900,74.179339
2013-10-22,86.769997,87.91999799999999,86.209999,87.779999,5247600,74.97366
2013-10-23,87.400002,88.82,87.290001,88.120003,4229100,75.26406
2013-10-24,88.650002,89.209999,88.010002,88.18,5116000,75.31530500000001
2013-10-25,87.769997,88.650002,87.690002,88.599998,4610000,75.674029
2013-10-28,88.730003,90.379997,88.510002,89.900002,5250800,76.784373
2013-10-29,90.099998,90.5,89.400002,90.360001,4294300,77.177262
2013-10-30,90.589996,90.660004,89.309998,89.339996,3723500,76.306067
2013-10-31,89.230003,90.099998,88.800003,89.120003,5339800,76.118169
2013-11-01,89.360001,90.150002,89.199997,89.760002,4094500,76.664798
2013-11-04,90.150002,90.349998,89.589996,90.25,3589200,77.083309
2013-11-05,90.07,90.489998,89.83000200000001,90.129997,3085100,76.980814
2013-11-06,90.440002,91.239998,90.279999,91.010002,3902600,77.732434
2013-11-07,91.040001,91.25,89.589996,89.970001,5184400,76.84416
2013-11-08,89.739998,89.790001,88.709999,89.410004,4972600,76.365861
2013-11-11,89.360001,90.970001,89.25,89.730003,3417700,76.639176
2013-11-12,89.610001,89.760002,88.83000200000001,89.75,3910100,76.656255
2013-11-13,89.400002,90.720001,89.360001,90.620003,3723300,77.399332
2013-11-14,90.66999799999999,91.239998,90.589996,90.699997,3765700,77.467656
2013-11-15,90.550003,91.400002,90.480003,91.360001,4089300,78.031371
2013-11-18,91.32,91.809998,91.32,91.639999,3463800,78.27051999999999
2013-11-19,91.449997,91.68,91.040001,91.470001,3162500,78.125323
2013-11-20,91.529999,91.809998,88.599998,89.300003,10067500,76.271909
2013-11-21,87.339996,87.959999,84.900002,86.599998,15638000,73.965811
2013-11-22,86.779999,87.290001,86.279999,86.949997,7114700,74.264748
2013-11-25,87.139999,87.18,86.209999,86.290001,4688400,73.70104
2013-11-26,86.120003,86.370003,84.860001,85.480003,8403300,73.009214
2013-11-27,85.440002,85.769997,85.25,85.5,3626400,73.02629300000001
2013-11-29,85.75,86.010002,85.300003,85.540001,2990400,73.060458
2013-12-02,85.33000200000001,85.699997,85.0,85.07,3904000,72.659026
2013-12-03,84.849998,85.760002,84.849998,85.760002,5200800,73.248363
2013-12-04,85.32,86.040001,85.010002,85.910004,4495400,73.37648100000001
2013-12-05,85.690002,86.089996,85.110001,85.510002,5591800,73.034836
2013-12-06,86.309998,86.550003,85.599998,85.83000200000001,4844800,73.308151
2013-12-09,86.040001,86.440002,85.589996,86.349998,4597600,73.752284
2013-12-10,86.25,86.489998,85.379997,85.790001,4756300,73.273985
2013-12-11,86.010002,86.290001,85.510002,85.91999799999999,5352100,73.385017
2013-12-12,85.730003,85.849998,85.209999,85.32,4616800,72.872553
2013-12-13,85.449997,85.58000200000001,84.900002,85.239998,3650000,72.804223
2013-12-16,85.269997,85.269997,84.620003,84.75,5500600,72.385712
2013-12-17,84.709999,84.860001,84.32,84.650002,5663200,72.300302
2013-12-18,84.989998,85.559998,83.809998,85.480003,6874300,73.009214
2013-12-19,85.33000200000001,85.68,84.82,85.480003,5667300,73.009214
2013-12-20,85.550003,85.860001,85.309998,85.519997,9643600,73.04337199999999
2013-12-23,84.839996,85.389999,84.33000200000001,85.25,4166600,73.621988
2013-12-24,85.089996,85.989998,85.010002,85.43,1909600,73.777436
2013-12-26,85.480003,86.139999,85.43,86.010002,2624000,74.278326
2013-12-27,86.199997,86.93,86.089996,86.739998,3046000,74.908751
2013-12-30,86.57,86.889999,85.839996,86.599998,3908300,74.787848
2013-12-31,86.629997,87.339996,86.41999799999999,87.129997,3799000,75.24555500000001
2014-01-02,87.0,87.199997,85.75,86.019997,3748000,74.286958
2014-01-03,86.25,86.5,85.510002,85.529999,3847000,73.863795
2014-01-06,85.550003,85.57,84.550003,84.93,5323900,73.345636
2014-01-07,85.120003,85.66999799999999,84.529999,84.68,7502500,73.129735
2014-01-08,84.5,84.610001,82.93,83.269997,10906300,71.91205500000001
2014-01-09,83.25,83.629997,82.610001,83.309998,6690100,71.9466
2014-01-10,83.959999,84.050003,82.410004,82.57,9047600,71.307537
2014-01-13,82.440002,82.959999,82.269997,82.449997,6999000,71.203902
2014-01-14,82.739998,83.0,82.309998,82.449997,6103200,71.203902
2014-01-15,82.449997,83.300003,82.349998,83.08000200000001,5525800,71.747975
2014-01-16,82.959999,84.550003,82.620003,84.519997,6866200,72.991556
2014-01-17,84.129997,84.260002,83.199997,83.33000200000001,6171600,71.963875
2014-01-21,84.32,84.540001,83.410004,83.989998,4528100,72.533849
2014-01-22,83.91999799999999,84.410004,83.449997,84.190002,3401900,72.70657299999999
2014-01-23,83.610001,84.410004,83.0,83.540001,4534300,72.14523100000001
2014-01-24,82.959999,83.18,81.5,81.5,8040200,70.383484
2014-01-27,81.629997,81.860001,80.769997,80.779999,5444200,69.76169
2014-01-28,80.889999,81.010002,80.510002,80.809998,5951100,69.78759699999999
2014-01-29,80.470001,80.470001,78.33000200000001,79.440002,10371500,68.60446800000001
2014-01-30,79.610001,79.800003,78.93,79.089996,7011600,68.30220200000001
2014-01-31,78.309998,78.949997,77.190002,78.139999,8001800,67.48178399999999
2014-02-03,78.089996,78.190002,75.279999,75.389999,9837000,65.106881
2014-02-04,75.849998,77.230003,75.57,76.879997,7917900,66.39364499999999
2014-02-05,76.559998,77.08000200000001,76.059998,76.900002,7038800,66.41091999999999
2014-02-06,76.879997,78.790001,76.660004,78.110001,8400900,67.455877
2014-02-07,78.33000200000001,80.290001,78.16999799999999,80.25,8628100,69.303983
2014-02-10,79.949997,80.099998,78.440002,78.809998,6526000,68.060395
2014-02-11,78.610001,79.5,78.010002,79.459999,6011300,68.621737
2014-02-12,79.639999,79.660004,78.309998,78.440002,5160000,67.74086700000001
2014-02-13,78.25,79.32,77.550003,79.239998,4595200,68.431744
2014-02-14,79.309998,80.550003,78.879997,80.389999,6641400,69.424886
2014-02-18,80.209999,80.940002,80.0,80.010002,5987900,69.09671999999999
2014-02-19,79.769997,80.190002,79.5,79.599998,4469700,68.742641
2014-02-20,79.629997,80.150002,79.25,79.709999,4545900,68.837637
2014-02-21,79.639999,79.940002,78.900002,78.970001,5425100,68.198574
2014-02-24,78.790001,79.639999,78.519997,79.16999799999999,5043600,68.37129200000001
2014-02-25,79.400002,80.089996,79.33000200000001,79.93,5361500,69.027631
2014-02-26,80.050003,80.08000200000001,78.91999799999999,79.5,5278200,68.65628199999999
2014-02-27,79.5,81.139999,79.349998,80.779999,5974200,69.76169
2014-02-28,81.160004,81.599998,80.510002,80.910004,4569000,69.873962
2014-03-03,80.25,80.970001,79.769997,80.449997,5289900,69.4767
2014-03-04,81.0,81.860001,80.989998,81.58000200000001,5595700,70.452574
2014-03-05,81.870003,81.879997,80.769997,81.07,3844300,70.012135
2014-03-06,81.199997,81.5,80.790001,80.910004,5150000,69.873962
2014-03-07,81.019997,81.040001,79.220001,80.339996,5384600,69.381704
2014-03-10,80.32,80.57,80.040001,80.43,4571400,69.45943100000001
2014-03-11,80.620003,80.849998,79.150002,79.519997,5318200,68.673551
2014-03-12,79.150002,79.449997,78.790001,79.16999799999999,4363900,68.37129200000001
2014-03-13,79.410004,79.889999,79.059998,79.230003,4285700,68.423112
2014-03-14,79.25,80.480003,79.18,79.889999,4814700,68.993086
2014-03-17,80.010002,80.68,80.0,80.279999,4453800,69.32989
2014-03-18,80.279999,80.910004,80.139999,80.470001,3698700,69.493976
2014-03-19,80.470001,81.199997,79.410004,79.660004,4961100,68.794461
2014-03-20,79.629997,80.459999,79.449997,80.43,4402700,69.45943100000001
2014-03-21,81.089996,81.449997,80.540001,81.0,10868500,69.951683
2014-03-24,81.120003,81.190002,80.309998,80.41999799999999,5277300,69.450793
2014-03-25,79.68,80.360001,79.66999799999999,80.199997,4736800,70.079936
2014-03-26,80.18,81.040001,80.18,80.41999799999999,4872200,70.272177
2014-03-27,80.25,80.43,79.93,80.07,4652800,69.96634300000001
2014-03-28,80.209999,81.019997,80.150002,81.019997,4106000,70.796464
2014-03-31,81.230003,81.949997,81.029999,81.870003,6300400,71.539212
2014-04-01,81.739998,82.33000200000001,81.699997,82.209999,5297200,71.83630600000001
2014-04-02,82.32,82.5,82.160004,82.459999,4265000,72.05476
2014-04-03,82.529999,82.68,82.0,82.279999,3642600,71.897473
2014-04-04,82.93,83.150002,82.519997,82.809998,5710300,72.36059300000001
2014-04-07,82.760002,83.32,82.730003,82.889999,5229900,72.4305
2014-04-08,82.970001,84.239998,82.970001,83.82,5546700,73.243148
2014-04-09,83.959999,84.019997,83.269997,83.879997,3845000,73.295575
2014-04-10,84.08000200000001,84.970001,83.360001,83.519997,6411300,72.981001
2014-04-11,83.360001,83.989998,82.709999,83.139999,5563000,72.648954
2014-04-14,83.650002,84.470001,83.360001,84.16999799999999,4928000,73.548982
2014-04-15,84.089996,84.480003,83.550003,84.379997,4872600,73.73248199999999
2014-04-16,84.75,84.82,84.099998,84.790001,5248400,74.090749
2014-04-17,83.620003,84.050003,82.120003,83.150002,7858500,72.65769399999999
2014-04-21,82.980003,83.610001,82.5,83.5,3709400,72.963528
2014-04-22,83.349998,83.889999,82.959999,83.540001,3728000,72.99848100000001
2014-04-23,83.489998,83.940002,83.25,83.349998,3745500,72.832454
2014-04-24,83.199997,84.010002,83.010002,83.489998,3697000,72.954788
2014-04-25,83.400002,84.199997,83.400002,84.110001,4375200,73.496555
2014-04-28,84.58000200000001,85.620003,84.470001,84.980003,7172000,74.256776
2014-04-29,84.980003,85.83000200000001,84.870003,85.190002,4488500,74.44027700000001
2014-04-30,85.010002,85.589996,84.790001,85.43,4974100,74.64999
2014-05-01,85.489998,85.959999,85.209999,85.720001,3504500,74.903397
2014-05-02,85.769997,85.769997,85.150002,85.379997,3596100,74.606297
2014-05-05,85.019997,85.510002,84.82,85.339996,2328300,74.571343
2014-05-06,85.18,85.550003,85.0,85.279999,3258100,74.518917
2014-05-07,85.290001,85.93,85.110001,85.800003,3605000,74.973304
2014-05-08,85.709999,86.379997,85.199997,86.209999,3510800,75.331565
2014-05-09,86.029999,86.519997,85.940002,86.400002,2863700,75.497592
2014-05-12,86.82,86.900002,85.889999,86.129997,3232800,75.261658
2014-05-13,86.279999,86.32,85.629997,85.93,3710200,75.086898
2014-05-14,85.910004,86.269997,85.589996,85.75,3195000,74.929611
2014-05-15,85.800003,86.190002,85.150002,85.33000200000001,4108200,74.56260999999999
2014-05-16,85.230003,85.980003,85.199997,85.769997,6359700,74.947084
2014-05-19,85.720001,85.800003,85.339996,85.739998,2706100,74.92087099999999
2014-05-20,85.480003,85.5,85.019997,85.220001,3396700,74.46649000000001
2014-05-21,85.209999,86.5,84.93,86.150002,4995100,75.279138
2014-05-22,86.18,86.730003,85.870003,86.290001,4631100,75.401471
2014-05-23,86.139999,86.900002,86.120003,86.57,3790800,75.646138
2014-05-27,86.529999,87.160004,86.220001,86.910004,4153800,75.943239
2014-05-28,86.879997,87.5,86.480003,87.349998,4278900,76.327713
2014-05-29,87.620003,88.699997,87.379997,88.370003,4782200,77.219008
2014-05-30,88.25,88.800003,88.050003,88.540001,4173100,77.36755500000001
2014-06-02,88.33000200000001,88.739998,88.050003,88.32,3233900,77.175314
2014-06-03,88.25,88.489998,87.620003,87.889999,3073000,76.79957399999999
2014-06-04,87.769997,88.209999,87.57,87.970001,2517400,76.86948000000001
2014-06-05,88.0,88.160004,87.66999799999999,87.900002,3347300,76.808314
2014-06-06,88.0,88.559998,87.900002,88.33000200000001,2543600,77.184054
2014-06-09,88.010002,88.470001,87.809998,88.33000200000001,2864400,77.184054
2014-06-10,87.889999,88.57,87.809998,88.389999,3476500,77.23648100000001
2014-06-11,88.160004,88.739998,88.160004,88.440002,3261400,77.280174
2014-06-12,88.209999,88.709999,88.07,88.239998,3950000,77.105407
2014-06-13,88.16999799999999,88.629997,87.879997,88.449997,3162800,77.28890799999999
2014-06-16,88.370003,89.360001,88.07,89.029999,4550100,77.795722
2014-06-17,88.779999,89.0,88.410004,88.739998,4217400,77.542315
2014-06-18,88.82,89.970001,88.440002,89.879997,4837600,78.53846300000001
2014-06-19,89.970001,91.470001,89.910004,91.339996,7145000,79.81423199999999
2014-06-20,91.389999,91.629997,90.779999,91.139999,9003100,79.639471
2014-06-23,91.150002,91.239998,90.269997,90.43,5492400,79.019064
2014-06-24,89.120003,89.940002,88.730003,89.370003,5337600,78.913107
2014-06-25,89.300003,89.300003,88.279999,88.889999,4663400,78.489267
2014-06-26,86.800003,86.910004,85.980003,86.489998,10749000,76.370082
2014-06-27,86.16999799999999,86.16999799999999,84.050003,84.849998,16140800,74.921973
2014-06-30,84.629997,84.900002,84.160004,84.309998,8020400,74.44515600000001
2014-07-01,84.349998,84.540001,83.870003,84.209999,6615400,74.356858
2014-07-02,84.209999,85.099998,83.83000200000001,84.860001,4335400,74.930805
2014-07-03,84.760002,86.089996,84.730003,85.690002,3562500,75.663691
2014-07-07,85.58000200000001,86.449997,85.459999,86.08000200000001,4229900,76.00805799999999
2014-07-08,86.129997,86.660004,85.940002,86.290001,3726100,76.193486
2014-07-09,86.510002,86.849998,85.82,86.029999,3188000,75.96390600000001
2014-07-10,85.610001,86.040001,84.879997,84.900002,5465500,74.966126
2014-07-11,85.599998,86.08000200000001,84.839996,85.410004,4861300,75.416454
2014-07-14,85.91999799999999,86.260002,85.75,85.949997,3470200,75.893265
2014-07-15,85.57,85.610001,84.480003,84.589996,5770400,74.69239300000001
2014-07-16,84.989998,85.550003,84.489998,84.699997,6244300,74.789523
2014-07-17,84.58000200000001,86.650002,84.519997,84.550003,5932700,74.65708000000001
2014-07-18,85.010002,86.150002,84.900002,86.019997,4563900,75.955074
2014-07-21,85.290001,85.779999,85.199997,85.57,3273300,75.55773
2014-07-22,85.660004,85.889999,85.260002,85.379997,2741900,75.38995899999999
2014-07-23,85.529999,85.730003,84.970001,85.08000200000001,2750300,75.125065
2014-07-24,85.290001,85.779999,85.25,85.540001,3703000,75.53124100000001
2014-07-25,85.32,85.529999,84.57,84.849998,2715100,74.921973
2014-07-28,84.980003,84.980003,84.099998,84.480003,3053900,74.59527
2014-07-29,84.5,85.379997,84.5,84.650002,2677200,74.745378
2014-07-30,84.720001,85.07,83.139999,83.190002,4670900,73.45620799999999
2014-07-31,82.959999,82.989998,82.0,82.010002,4633400,72.414276
2014-08-01,82.0,82.589996,81.720001,81.900002,3956500,72.317146
2014-08-04,81.800003,82.33000200000001,81.5,82.129997,3293400,72.52023100000001
2014-08-05,81.849998,82.260002,81.190002,81.58000200000001,3710200,72.034589
2014-08-06,81.589996,83.949997,81.589996,83.480003,5053700,73.712277
2014-08-07,83.550003,83.900002,82.379997,82.709999,4445100,73.03236899999999
2014-08-08,82.800003,83.949997,82.599998,83.839996,3809400,74.030148
2014-08-11,83.970001,84.959999,83.75,84.349998,3414500,74.48047700000001
2014-08-12,84.120003,84.260002,83.739998,84.18,2196300,74.33037
2014-08-13,84.440002,84.82,84.230003,84.470001,2355600,74.586438
2014-08-14,84.489998,84.989998,84.470001,84.93,1795900,74.992615
2014-08-15,85.099998,85.16999799999999,83.82,84.5,4226900,74.612927
2014-08-18,84.709999,85.099998,84.629997,84.989998,3080800,75.045592
2014-08-19,85.099998,85.470001,84.629997,85.379997,2272800,75.38995899999999
2014-08-20,85.209999,85.370003,84.599998,85.089996,2441400,75.13389000000001
2014-08-21,85.230003,85.690002,85.120003,85.150002,2183800,75.186874
2014-08-22,84.82,85.230003,84.199997,84.339996,3774400,74.471645
2014-08-25,84.93,85.540001,84.93,85.190002,2858700,75.222195
2014-08-26,85.239998,85.459999,84.83000200000001,85.260002,2466200,75.28400400000001
2014-08-27,85.129997,85.290001,84.83000200000001,85.25,2094300,75.275172
2014-08-28,84.91999799999999,85.379997,84.839996,85.260002,1797300,75.28400400000001
2014-08-29,85.279999,85.690002,85.040001,85.58000200000001,2570600,75.566561
2014-09-02,85.300003,85.900002,85.059998,85.489998,3344100,75.487089
2014-09-03,85.849998,85.879997,85.199997,85.400002,2448900,75.407622
2014-09-04,85.769997,85.790001,84.790001,84.989998,3143300,75.045592
2014-09-05,85.059998,85.5,84.809998,85.449997,2782300,75.451768
2014-09-08,85.290001,85.360001,83.91999799999999,84.0,4851400,74.17143100000001
2014-09-09,84.099998,84.309998,83.629997,83.83000200000001,3892300,74.021323
2014-09-10,84.120003,84.410004,83.809998,84.190002,3433300,74.339201
2014-09-11,84.150002,84.559998,83.949997,84.5,4369800,74.612927
2014-09-12,84.709999,84.75,83.720001,84.019997,3585700,74.189087
2014-09-15,84.290001,84.300003,83.879997,84.199997,3947100,74.348027
2014-09-16,84.160004,85.040001,84.059998,84.82,3269800,74.895485
2014-09-17,84.910004,85.339996,84.540001,84.900002,3626800,74.966126
2014-09-18,85.050003,85.269997,84.139999,84.720001,4322400,74.807187
2014-09-19,85.150002,85.68,84.699997,85.550003,7856500,75.54007299999999
2014-09-22,85.089996,86.07,85.059998,86.050003,7002600,75.981569
2014-09-23,84.75,85.16999799999999,83.629997,83.660004,5654000,74.739779
2014-09-24,83.599998,84.730003,83.559998,84.449997,5567300,75.445539
2014-09-25,84.0,84.199997,83.550003,83.699997,5222500,74.775508
2014-09-26,82.839996,83.339996,82.58000200000001,83.230003,5491300,74.355627
2014-09-29,82.610001,82.949997,82.550003,82.660004,4656000,73.846404
2014-09-30,82.889999,83.519997,82.279999,83.400002,9732000,74.5075
2014-10-01,83.25,83.879997,83.209999,83.470001,5786400,74.570036
2014-10-02,83.599998,84.260002,83.18,84.209999,5509800,75.231131
2014-10-03,84.349998,84.849998,84.239998,84.510002,4301800,75.499147
2014-10-06,84.839996,84.849998,84.07,84.57,2674400,75.552747
2014-10-07,84.41999799999999,84.790001,83.940002,83.980003,4504400,75.02565899999999
2014-10-08,83.940002,85.129997,83.68,85.059998,5334600,75.990499
2014-10-09,85.18,85.989998,83.860001,83.91999799999999,6376400,74.972052
2014-10-10,84.379997,85.25,84.279999,84.279999,5282100,75.293667
2014-10-13,84.599998,85.290001,83.970001,84.07,4399800,75.106059
2014-10-14,84.190002,84.629997,83.620003,83.690002,4784100,74.76657900000001
2014-10-15,83.110001,83.849998,81.900002,83.58000200000001,8409400,74.668307
2014-10-16,83.190002,85.32,83.0,85.260002,7058500,76.169178
2014-10-17,84.970001,86.010002,84.440002,86.0,7621700,76.830274
2014-10-20,85.760002,87.209999,85.709999,86.93,5537900,77.661113
2014-10-21,87.32,87.470001,86.620003,87.449997,4614100,78.125665
2014-10-22,87.220001,87.66999799999999,87.120003,87.599998,5339700,78.25967299999999
2014-10-23,87.949997,88.209999,87.510002,87.620003,4936500,78.27754399999999
2014-10-24,87.860001,88.18,87.400002,88.059998,3255300,78.670625
2014-10-27,87.91999799999999,88.66999799999999,87.800003,88.040001,2847200,78.65276
2014-10-28,88.489998,88.489998,87.779999,88.269997,3631300,78.858233
2014-10-29,88.190002,88.83000200000001,87.339996,87.910004,3448000,78.536624
2014-10-30,87.449997,88.68,86.910004,88.349998,2706400,78.929704
2014-10-31,88.790001,89.239998,88.470001,89.010002,4876200,79.519335
2014-11-03,88.849998,89.5,88.599998,89.190002,3361600,79.680143
2014-11-04,89.389999,89.910004,89.190002,89.449997,2752500,79.91241600000001
2014-11-05,89.83000200000001,90.25,89.089996,89.900002,4061000,80.31443900000001
2014-11-06,89.68,89.83000200000001,87.18,87.5,6109300,78.170337
2014-11-07,87.5,88.199997,87.260002,88.120003,3219400,78.724232
2014-11-10,87.83000200000001,88.5,87.519997,88.41999799999999,3191800,78.99224
2014-11-11,88.440002,88.480003,87.839996,88.089996,2412800,78.697425
2014-11-12,88.040001,88.129997,87.57,87.900002,2839500,78.527688
2014-11-13,88.040001,88.699997,87.529999,87.860001,3163900,78.491952
2014-11-14,87.349998,87.400002,85.489998,86.279999,6011500,77.08041800000001
2014-11-17,86.33000200000001,87.5,86.16999799999999,87.300003,3644600,77.991664
2014-11-18,87.470001,87.599998,87.089996,87.129997,3653700,77.83978499999999
2014-11-19,86.949997,87.199997,86.470001,86.83000200000001,4529900,77.571777
2014-11-20,86.5,86.5,85.57,85.809998,6330700,76.66053000000001
2014-11-21,86.150002,87.040001,86.110001,87.0,6851900,77.723649
2014-11-24,87.300003,87.610001,86.470001,86.5,3888600,77.276962
2014-11-25,86.489998,86.730003,86.160004,86.300003,5054400,77.09828900000001
2014-11-26,86.660004,86.910004,86.41999799999999,86.599998,2665700,77.366298
2014-11-28,87.199997,87.57,86.769997,86.93,3230900,77.661113
2014-12-01,86.370003,87.029999,85.699997,86.5,3554100,77.276962
2014-12-02,86.58000200000001,87.43,86.519997,87.389999,4089900,78.07206500000001
2014-12-03,87.150002,87.68,86.769997,87.650002,3862000,78.304344
2014-12-04,87.269997,87.480003,86.370003,87.150002,4111000,77.85765699999999
2014-12-05,87.279999,87.33000200000001,86.709999,87.139999,4236600,77.848721
2014-12-08,86.41999799999999,87.160004,86.33000200000001,86.790001,3270600,77.536041
2014-12-09,86.050003,86.58000200000001,85.25,86.559998,3467800,77.330562
2014-12-10,86.489998,86.589996,85.269997,85.599998,4625600,76.472922
2014-12-11,85.629997,86.809998,85.599998,85.970001,4182700,76.803474
2014-12-12,85.589996,86.370003,84.389999,84.41999799999999,4922800,75.418739
2014-12-15,84.529999,84.879997,82.379997,82.449997,7286900,73.658789
2014-12-16,82.199997,82.959999,81.349998,81.389999,8405200,72.711813
2014-12-17,81.809998,82.260002,81.160004,81.849998,6673400,73.122765
2014-12-18,82.699997,84.050003,82.389999,84.019997,6701800,75.061388
2014-12-19,84.16999799999999,84.389999,82.629997,83.050003,9128000,74.19481999999999
2014-12-22,82.480003,83.160004,82.160004,82.970001,5951700,75.02674300000001
2014-12-23,83.220001,83.58000200000001,83.010002,83.300003,4433700,75.325152
2014-12-24,83.400002,83.57,83.059998,83.150002,1748300,75.189511
2014-12-26,83.099998,83.690002,83.029999,83.339996,1709100,75.361316
2014-12-29,83.029999,83.529999,82.739998,83.199997,2629000,75.23472
2014-12-30,83.150002,83.480003,82.389999,82.5,2708100,74.601738
2014-12-31,82.730003,82.82,81.360001,81.449997,3661300,73.652259
2015-01-02,81.599998,81.790001,80.629997,81.019997,3787700,73.263425
2015-01-05,80.989998,81.089996,79.860001,80.410004,6213400,72.711831
2015-01-06,80.959999,82.050003,80.599998,81.099998,10001900,73.335768
2015-01-07,81.800003,82.050003,81.019997,81.709999,7525100,73.88736899999999
2015-01-08,82.32,83.58000200000001,82.309998,82.940002,6594500,74.999617
2015-01-09,83.540001,83.650002,82.470001,82.720001,4301300,74.800678
2015-01-12,83.110001,83.66999799999999,82.639999,83.050003,3997200,75.099086
2015-01-13,83.32,83.980003,82.66999799999999,83.099998,5810200,75.144295
2015-01-14,82.260002,83.459999,82.25,83.41999799999999,4580500,75.43365899999999
2015-01-15,82.709999,83.41999799999999,82.57,82.82,5088100,74.891102
2015-01-16,82.849998,83.199997,82.190002,82.699997,7302300,74.782588
2015-01-20,83.209999,83.989998,82.889999,83.58000200000001,6172300,75.578345
2015-01-21,83.08000200000001,84.610001,82.720001,84.550003,4518500,76.455481
2015-01-22,85.040001,85.290001,84.43,85.160004,6069700,77.007083
2015-01-23,84.610001,84.75,82.699997,82.82,6649300,74.891102
2015-01-26,82.949997,83.410004,82.5,83.050003,4658500,75.099086
2015-01-27,82.529999,82.720001,81.379997,81.599998,8541900,73.7879
2015-01-28,82.029999,82.300003,80.389999,80.58000200000001,5878700,72.865554
2015-01-29,80.510002,81.5,80.32,81.220001,4108200,73.444282
2015-01-30,80.529999,81.190002,80.099998,80.239998,6692900,72.55810100000001
2015-02-02,80.239998,81.699997,80.059998,81.629997,4129600,73.815027
2015-02-03,82.0,82.440002,81.809998,82.239998,4103200,74.366628
2015-02-04,82.040001,82.599998,81.849998,82.08000200000001,5151100,74.221949
2015-02-05,82.41999799999999,83.239998,81.309998,82.57,6317100,74.665037
2015-02-06,82.32,82.32,80.940002,81.269997,5942900,73.489491
2015-02-09,80.809998,81.480003,80.559998,80.83000200000001,4357200,73.09161999999999
2015-02-10,80.91999799999999,81.209999,80.529999,81.08000200000001,6732200,73.317686
2015-02-11,81.360001,82.730003,81.160004,82.480003,5670500,74.583656
2015-02-12,82.709999,83.720001,82.58000200000001,83.690002,5324600,75.677814
2015-02-13,83.809998,83.860001,82.660004,82.870003,4924700,74.936318
2015-02-17,82.800003,82.849998,82.300003,82.709999,4391000,74.79163299999999
2015-02-18,82.339996,83.010002,82.239998,83.0,2487300,75.05386999999999
2015-02-19,82.959999,83.050003,82.410004,82.620003,3774300,74.71025300000001
2015-02-20,82.470001,83.129997,82.25,83.040001,3572000,75.09004200000001
2015-02-23,82.800003,82.949997,82.279999,82.889999,3362400,74.954401
2015-02-24,82.709999,83.620003,82.639999,83.510002,3313300,75.515047
2015-02-25,83.510002,83.720001,83.199997,83.470001,2850200,75.478875
2015-02-26,83.239998,83.400002,82.57,82.800003,2973200,74.87302
2015-02-27,82.730003,83.099998,82.139999,82.959999,5971700,75.017699
2015-03-02,82.959999,83.220001,82.639999,82.949997,3188900,75.008654
2015-03-03,82.66999799999999,82.989998,82.459999,82.699997,3597500,74.782588
2015-03-04,82.690002,82.699997,81.690002,82.16999799999999,3582500,74.30333
2015-03-05,82.199997,82.370003,81.540001,81.709999,3418800,73.88736899999999
2015-03-06,81.279999,81.349998,79.790001,80.050003,7757400,72.386296
2015-03-09,80.18,80.599998,80.07,80.449997,4574300,72.747996
2015-03-10,80.0,80.0,79.059998,79.25,7066900,71.662882
2015-03-11,79.33000200000001,79.440002,77.379997,77.82,7285400,70.369785
2015-03-12,78.260002,78.779999,77.959999,78.730003,4806600,71.19266800000001
2015-03-13,78.730003,78.730003,76.849998,77.650002,5337600,70.216062
2015-03-16,78.07,78.379997,77.459999,77.889999,5361800,70.433083
2015-03-17,77.769997,78.25,77.629997,77.889999,4141000,70.433083
2015-03-18,77.599998,79.279999,76.589996,78.559998,9179200,71.038938
2015-03-19,78.639999,79.32,78.559998,78.860001,9453800,71.31022
2015-03-20,78.83000200000001,79.480003,78.790001,79.449997,10919200,71.84373199999999
2015-03-23,79.449997,80.150002,79.449997,79.860001,4841100,72.214483
2015-03-24,78.870003,79.199997,77.5,77.529999,6021500,70.99656
2015-03-25,77.809998,77.970001,76.540001,76.699997,7923800,70.236502
2015-03-26,76.559998,76.959999,76.269997,76.339996,7069200,69.906838
2015-03-27,76.269997,76.870003,76.160004,76.790001,5158800,70.318921
2015-03-30,77.25,77.25,76.260002,76.860001,4390600,70.383022
2015-03-31,76.540001,76.550003,75.300003,75.33000200000001,7498300,68.98195600000001
2015-04-01,75.269997,76.089996,75.269997,76.07,6915100,69.659594
2015-04-02,76.440002,77.41999799999999,75.949997,77.260002,4745400,70.74931600000001
2015-04-06,77.290001,78.660004,77.239998,78.199997,5553100,71.610097
2015-04-07,78.190002,78.57,77.739998,77.739998,4790500,71.188862
2015-04-08,77.730003,78.0,76.93,77.239998,4556200,70.730997
2015-04-09,77.019997,77.989998,77.0,77.860001,3371800,71.29875200000001
2015-04-10,78.110001,78.57,77.870003,77.900002,3860100,71.335382
2015-04-13,77.5,77.889999,77.25,77.389999,3585400,70.868358
2015-04-14,77.139999,78.279999,77.120003,78.110001,4890200,71.52768499999999
2015-04-15,78.440002,78.910004,77.870003,78.129997,7231400,71.545996
2015-04-16,82.41999799999999,85.260002,82.209999,84.959999,23609500,77.800435
2015-04-17,84.57,85.489998,84.32,85.260002,8306700,78.07515699999999
2015-04-20,85.400002,85.75,84.470001,84.980003,6388200,77.818754
2015-04-21,84.989998,85.300003,83.860001,84.050003,4399300,76.967124
2015-04-22,84.059998,84.059998,82.91999799999999,83.690002,5951900,76.637461
2015-04-23,83.16999799999999,84.379997,82.879997,83.550003,4347100,76.509259
2015-04-24,83.540001,83.870003,82.66999799999999,82.75,4498500,75.77667199999999
2015-04-27,82.779999,82.900002,82.050003,82.089996,4865200,75.172287
2015-04-28,82.019997,83.099998,82.019997,82.879997,5079800,75.895715
2015-04-29,82.459999,82.879997,81.949997,82.730003,5879500,75.758361
2015-04-30,82.860001,83.510002,82.480003,83.470001,6162100,76.435999
2015-05-01,83.470001,83.730003,82.910004,83.389999,3269200,76.362739
2015-05-04,83.660004,83.699997,83.0,83.209999,2482400,76.197907
2015-05-05,83.190002,83.440002,82.559998,82.809998,2903600,75.831614
2015-05-06,83.610001,83.879997,82.989998,83.870003,5323900,76.802293
2015-05-07,83.760002,84.260002,83.25,84.010002,3250500,76.930494
2015-05-08,84.839996,85.739998,84.699997,85.190002,4380600,78.01105600000001
2015-05-11,85.019997,85.370003,84.010002,84.129997,3155100,77.040377
2015-05-12,83.510002,84.75,83.32,84.129997,3027100,77.040377
2015-05-13,84.33000200000001,84.889999,83.870003,84.529999,4317500,77.406671
2015-05-14,85.0,86.910004,84.910004,86.790001,6186300,79.476223
2015-05-15,86.68,86.769997,85.989998,86.57,3702900,79.274761
2015-05-18,86.650002,86.709999,85.599998,86.029999,3173300,78.780266
2015-05-19,85.589996,85.91999799999999,85.019997,85.660004,2952500,78.44145
2015-05-20,85.550003,86.08000200000001,85.309998,85.410004,2411300,78.212518
2015-05-21,85.410004,85.410004,84.599998,85.139999,3041900,77.965267
2015-05-22,84.75,84.860001,84.099998,84.150002,2733800,77.058696
2015-05-26,83.970001,84.019997,83.18,83.720001,2961100,76.664932
2015-05-27,84.0,84.370003,83.620003,84.220001,3436200,77.12279699999999
2015-05-28,84.349998,84.760002,83.660004,84.260002,2849000,77.15942700000001
2015-05-29,84.040001,84.040001,82.970001,83.07,4481000,76.06970600000001
2015-06-01,82.900002,83.43,82.5,83.190002,3378800,76.17959599999999
2015-06-02,82.800003,83.519997,82.32,82.949997,3741000,75.959816
2015-06-03,83.400002,83.43,82.389999,82.41999799999999,2933200,75.47448
2015-06-04,82.410004,82.839996,81.660004,81.83000200000001,3281600,74.934202
2015-06-05,81.5,81.66999799999999,79.5,79.699997,6152000,72.983692
2015-06-08,79.699997,80.639999,79.379997,80.150002,4313300,73.395775
2015-06-09,80.040001,81.209999,80.040001,80.75,3823000,73.945212
2015-06-10,80.760002,82.709999,80.760002,82.290001,6310700,75.355437
2015-06-11,82.470001,82.75,81.970001,82.25,3681800,75.31880699999999
2015-06-12,81.5,81.910004,80.75,81.860001,6123000,74.961673
2015-06-15,81.230003,81.75,81.040001,81.269997,3919400,74.421389
2015-06-16,81.470001,81.839996,81.0,81.82,3892800,74.925043
2015-06-17,81.83000200000001,82.190002,81.129997,81.83000200000001,4143600,74.934202
2015-06-18,82.25,83.58000200000001,82.099998,83.110001,3875600,76.106336
2015-06-19,82.870003,83.18,82.489998,82.660004,7474700,75.69426
2015-06-22,82.91999799999999,83.660004,82.82,83.129997,4052300,76.124647
2015-06-23,82.230003,82.300003,81.010002,81.360001,2999500,75.410953
2015-06-24,81.230003,81.760002,80.809998,80.809998,5134900,74.901166
2015-06-25,81.139999,81.709999,80.889999,81.300003,4148200,75.35534200000001
2015-06-26,81.32,81.68,81.08000200000001,81.349998,4584600,75.401682
2015-06-29,80.940002,81.33000200000001,80.089996,80.120003,3374600,74.261624
2015-06-30,80.720001,80.940002,80.0,80.16999799999999,4311100,74.307963
2015-07-01,80.360001,81.339996,80.099998,81.300003,4034100,75.35534200000001
2015-07-02,81.370003,81.739998,80.949997,81.16999799999999,2977600,75.23484300000001
2015-07-06,80.860001,81.459999,80.720001,81.199997,2534500,75.262648
2015-07-07,81.33000200000001,82.540001,80.980003,82.440002,5409400,76.411985
2015-07-08,82.010002,82.449997,81.5,81.57,3101400,75.605597
2015-07-09,82.41999799999999,82.650002,81.209999,81.239998,3123300,75.299725
2015-07-10,82.010002,82.82,81.980003,82.160004,3548200,76.152459
2015-07-13,82.41999799999999,82.66999799999999,82.019997,82.379997,3238900,76.356367
2015-07-14,82.400002,82.769997,82.260002,82.68,2326300,76.634434
2015-07-15,82.440002,82.889999,82.010002,82.66999799999999,3491200,76.625163
2015-07-16,83.379997,86.300003,83.360001,85.290001,7844200,79.053591
2015-07-17,85.019997,86.0,84.83000200000001,85.83000200000001,5817200,79.554107
2015-07-20,85.949997,86.029999,85.470001,85.610001,3265500,79.350192
2015-07-21,85.480003,85.800003,85.279999,85.540001,3085900,79.285311
2015-07-22,85.629997,85.91999799999999,85.059998,85.519997,3225200,79.26677
2015-07-23,85.440002,85.58000200000001,85.010002,85.43,2242700,79.18335400000001
2015-07-24,85.199997,85.220001,84.269997,84.650002,3033400,78.460389
2015-07-27,84.440002,85.900002,84.440002,85.529999,4481500,79.27604000000001
2015-07-28,85.629997,86.510002,85.43,85.599998,5669500,79.34092199999999
2015-07-29,85.660004,86.129997,85.290001,85.449997,2776300,79.201888
2015-07-30,85.269997,85.75,85.099998,85.389999,2747300,79.14627800000001
2015-07-31,85.879997,86.0,85.400002,85.529999,2965100,79.27604000000001
2015-08-03,85.5,85.910004,85.07,85.660004,2622300,79.396539
2015-08-04,85.660004,86.010002,85.459999,85.83000200000001,2367300,79.554107
2015-08-05,86.0,86.309998,85.730003,85.889999,2738300,79.609718
2015-08-06,86.0,86.07,85.589996,85.760002,2198900,79.489226
2015-08-07,85.620003,85.769997,84.769997,85.089996,2409400,78.868211
2015-08-10,85.57,86.339996,85.559998,85.870003,2470900,79.591183
2015-08-11,85.139999,85.529999,84.660004,85.470001,3549500,79.22043000000001
2015-08-12,85.160004,85.639999,84.16999799999999,85.639999,2733200,79.377998
2015-08-13,85.550003,85.589996,84.25,84.660004,4389400,78.469659
2015-08-14,84.610001,84.699997,83.879997,84.260002,3134300,78.098906
2015-08-17,83.91999799999999,84.349998,83.470001,84.300003,3159200,78.135982
2015-08-18,84.300003,84.370003,83.879997,84.019997,2307600,77.87645
2015-08-19,83.629997,84.550003,83.209999,83.739998,3317900,77.616924
2015-08-20,83.059998,84.599998,83.010002,83.08000200000001,4167300,77.005187
2015-08-21,82.739998,83.120003,80.980003,80.980003,7252900,75.058741
2015-08-24,78.139999,79.709999,76.540001,78.339996,11361900,72.61177099999999
2015-08-25,79.959999,80.050003,77.349998,77.389999,6381600,71.731238
2015-08-26,78.75,79.83000200000001,77.360001,79.75,5813900,73.918675
2015-08-27,80.33000200000001,80.879997,79.129997,80.779999,4206000,74.873361
2015-08-28,80.160004,80.589996,79.839996,80.349998,3522800,74.474802
2015-08-31,79.870003,80.110001,78.900002,79.800003,4211600,73.96502199999999
2015-09-01,78.209999,78.720001,77.300003,77.779999,5124900,72.092721
2015-09-02,78.489998,78.730003,77.839996,78.699997,3594600,72.945449
2015-09-03,79.160004,79.809998,78.75,79.449997,3363500,73.640609
2015-09-04,78.360001,78.519997,77.0,77.290001,5233700,71.638552
2015-09-08,78.809998,79.790001,78.129997,79.760002,4779800,73.92794599999999
2015-09-09,80.059998,80.239998,78.089996,78.269997,4062100,72.54689
2015-09-10,78.0,79.400002,78.0,78.870003,3871600,73.103024
2015-09-11,78.93,79.519997,78.400002,79.470001,5234300,73.65915
2015-09-14,79.68,79.790001,78.879997,79.349998,3628900,73.547922
2015-09-15,79.519997,80.879997,79.010002,80.809998,4025700,74.901166
2015-09-16,80.949997,82.489998,80.860001,82.099998,5925200,76.09684200000001
2015-09-17,82.339996,83.050003,81.5,82.08000200000001,4633500,76.078307
2015-09-18,81.290001,82.160004,80.769997,81.220001,8268300,75.28119000000001
2015-09-21,81.690002,82.459999,81.58000200000001,82.120003,3630800,76.115383
2015-09-22,81.110001,81.529999,80.43,80.769997,3605900,74.86409
2015-09-23,80.849998,80.959999,79.940002,80.43,2437400,74.54895400000001
2015-09-24,80.0,80.599998,79.779999,80.410004,3068200,74.53041999999999
2015-09-25,80.760002,81.309998,80.349998,80.599998,3396100,74.70652199999999
2015-09-28,78.989998,80.33000200000001,78.730003,78.910004,4332500,74.077558
2015-09-29,78.82,79.25,78.029999,78.639999,4194500,73.824089
2015-09-30,79.32,79.589996,78.779999,79.33000200000001,4968300,74.471836
2015-10-01,79.68,79.739998,78.860001,79.459999,3961800,74.59387199999999
2015-10-02,78.82,79.959999,78.410004,79.949997,3735300,75.053863
2015-10-05,80.400002,81.860001,80.0,81.709999,5715100,76.706082
2015-10-06,81.620003,81.879997,80.959999,81.489998,3522600,76.499554
2015-10-07,81.57,82.879997,81.550003,82.66999799999999,3583300,77.607291
2015-10-08,82.660004,84.290001,82.400002,84.150002,3923000,78.996659
2015-10-09,84.08000200000001,84.58000200000001,84.050003,84.07,5058400,78.92155600000001
2015-10-12,84.220001,84.889999,84.120003,84.660004,2386500,79.475429
2015-10-13,84.529999,84.629997,83.790001,84.410004,3089300,79.240739
2015-10-14,84.660004,85.410004,84.360001,84.480003,5556400,79.30645200000001
2015-10-15,85.589996,86.360001,85.199997,86.07,5880600,80.799077
2015-10-16,86.370003,88.040001,85.889999,87.779999,5479800,82.40435500000001
2015-10-19,87.650002,88.489998,87.230003,88.41999799999999,4796800,83.005161
2015-10-20,88.610001,88.849998,88.279999,88.720001,4279700,83.286792
2015-10-21,88.900002,89.68,88.370003,88.980003,3643400,83.530872
2015-10-22,88.83000200000001,89.940002,88.629997,89.550003,4930800,84.065965
2015-10-23,89.940002,89.940002,88.760002,89.629997,4307900,84.14106
2015-10-26,89.650002,90.08000200000001,89.33000200000001,89.699997,4124500,84.206773
2015-10-27,89.0,89.32,88.379997,88.82,3283800,83.380667
2015-10-28,89.300003,89.889999,88.230003,89.400002,3231400,83.925149
2015-10-29,89.099998,89.459999,88.099998,89.260002,2976500,83.793723
2015-10-30,89.33000200000001,89.470001,88.400002,88.400002,4062600,82.986389
2015-11-02,88.730003,88.980003,88.190002,88.809998,2856900,83.371277
2015-11-03,88.389999,88.519997,87.699997,88.339996,3445400,82.930059
2015-11-04,88.16999799999999,88.43,87.629997,88.07,3977500,82.676597
2015-11-05,88.040001,88.32,87.779999,88.160004,2631600,82.761089
2015-11-06,87.360001,87.360001,85.120003,86.370003,5456200,81.08070699999999
2015-11-09,85.760002,85.839996,84.730003,85.25,4030000,80.029294
2015-11-10,85.290001,85.480003,84.730003,84.959999,2542000,79.757052
2015-11-11,85.279999,85.83000200000001,85.0,85.050003,2558800,79.841544
2015-11-12,84.529999,84.91999799999999,83.760002,84.019997,3948200,78.874616
2015-11-13,83.860001,84.43,83.269997,83.400002,3471800,78.292589
2015-11-16,83.400002,84.360001,83.33000200000001,84.349998,3722600,79.18440799999999
2015-11-17,84.300003,84.639999,83.550003,83.839996,3173900,78.70563800000001
2015-11-18,84.08000200000001,85.480003,83.91999799999999,85.43,4186300,80.19827099999999
2015-11-19,85.68,86.489998,85.639999,86.25,4507800,80.96805400000001
2015-11-20,86.699997,87.650002,85.839996,85.989998,4823500,80.723974
2015-11-23,86.220001,86.760002,85.91999799999999,86.589996,3029100,81.28722900000001
2015-11-24,86.089996,87.25,85.949997,86.900002,2821600,81.578249
2015-11-25,86.620003,87.269997,86.33000200000001,87.16999799999999,2676000,81.831711
2015-11-27,87.120003,87.68,86.83000200000001,87.41999799999999,1944600,82.066401
2015-11-30,87.910004,88.309998,87.199997,87.389999,5970500,82.03824
2015-12-01,87.440002,87.879997,86.699997,87.779999,3857800,82.40435500000001
2015-12-02,87.550003,87.779999,87.0,87.300003,3522600,81.953755
2015-12-03,87.559998,87.989998,87.209999,87.339996,6056700,81.991299
2015-12-04,87.410004,89.760002,87.410004,89.699997,7203500,84.206773
2015-12-07,89.25,89.639999,88.300003,88.790001,3931800,83.35250500000001
2015-12-08,88.559998,88.91999799999999,88.07,88.769997,4119400,83.333726
2015-12-09,88.510002,89.519997,87.480003,88.019997,3841000,82.62965600000001
2015-12-10,87.91999799999999,88.32,87.230003,87.730003,3821100,82.357422
2015-12-11,86.760002,87.18,85.959999,86.32,4740300,81.033767
2015-12-14,86.379997,87.41999799999999,85.889999,87.160004,4636800,81.82232900000001
2015-12-15,87.629997,88.370003,87.129997,87.839996,4904900,82.460679
2015-12-16,88.040001,90.269997,88.0,90.150002,5275200,84.62921899999999
2015-12-17,90.07,90.150002,88.959999,89.08000200000001,4878700,83.624746
2015-12-18,88.730003,88.730003,86.91999799999999,86.91999799999999,10829200,81.597021
2015-12-21,86.360001,86.660004,85.739998,86.620003,4058100,82.280958
2015-12-22,86.940002,87.790001,86.239998,87.660004,4377800,83.268862
2015-12-23,87.91999799999999,89.18,87.860001,89.08000200000001,3043400,84.617728
2015-12-24,88.75,89.230003,88.629997,88.860001,1201700,84.408748
2015-12-28,88.550003,88.790001,88.089996,88.589996,1860500,84.15226899999999
2015-12-29,89.040001,89.480003,88.839996,89.360001,2212100,84.883701
2015-12-30,89.400002,89.480003,88.779999,88.980003,1790700,84.522739
2015-12-31,88.480003,88.639999,87.860001,87.910004,2477400,83.506339
2016-01-04,86.849998,87.050003,85.760002,87.0,4703000,82.64192
2016-01-05,87.029999,88.230003,86.849998,87.870003,3923500,83.468342
2016-01-06,87.029999,88.209999,87.029999,87.849998,4861600,83.449339
2016-01-07,86.68,88.459999,86.68,87.25,6132500,82.879397
2016-01-08,87.58000200000001,87.650002,86.480003,86.709999,5415200,82.366446
2016-01-11,87.440002,89.33000200000001,87.400002,89.16999799999999,8021000,84.70321700000001
2016-01-12,89.610001,89.879997,88.160004,89.089996,4742600,84.627222
2016-01-13,89.0,89.199997,88.059998,88.309998,6109300,83.886296
2016-01-14,88.389999,89.059998,86.949997,87.879997,8194700,83.477835
2016-01-15,86.050003,86.940002,85.110001,86.290001,7158200,81.967487
2016-01-19,86.440002,87.83000200000001,86.440002,87.470001,5097300,83.08837700000001
2016-01-20,86.68,86.900002,84.459999,85.860001,5729600,81.559026
2016-01-21,85.41999799999999,86.199997,84.690002,85.800003,5436400,81.502034
2016-01-22,86.75,87.16999799999999,85.800003,86.870003,3677200,82.518434
2016-01-25,87.050003,87.599998,86.510002,86.68,3258800,82.33795
2016-01-26,86.760002,88.32,86.760002,87.309998,4544000,82.936389
2016-01-27,87.650002,89.379997,87.209999,88.089996,4882900,83.67731500000001
2016-01-28,88.790001,89.720001,87.610001,89.059998,3856900,84.598726
2016-01-29,88.860001,90.239998,88.33000200000001,90.010002,8383100,85.501142
2016-02-01,89.790001,90.309998,89.33000200000001,89.410004,5985600,84.93119899999999
2016-02-02,88.510002,89.449997,88.300003,89.349998,5323000,84.8742
2016-02-03,89.839996,90.279999,88.480003,89.790001,6023000,85.292162
2016-02-04,87.68,90.349998,87.68,89.099998,6019900,84.636723
2016-02-05,89.190002,89.610001,87.41999799999999,89.550003,4557200,85.06418599999999
2016-02-08,89.279999,90.290001,88.650002,89.720001,5298500,85.225668
2016-02-09,89.290001,90.559998,88.93,90.019997,5114200,85.510636
2016-02-10,90.25,90.389999,89.040001,89.230003,3730600,84.760216
2016-02-11,88.150002,88.75,87.5,88.339996,4181200,83.914792
2016-02-12,89.029999,89.5,88.25,89.059998,4930400,84.598726
2016-02-16,89.5,90.339996,88.599998,90.120003,4482900,85.605633
2016-02-17,90.059998,92.190002,89.760002,91.230003,6288600,86.66003
2016-02-18,91.139999,91.82,91.07,91.650002,5886200,87.058989
2016-02-19,91.58000200000001,92.190002,90.779999,91.940002,4121500,87.334463
2016-02-22,92.339996,92.849998,92.019997,92.540001,3796800,87.90440600000001
2016-02-23,92.41999799999999,92.790001,91.800003,92.050003,3590000,87.43895400000001
2016-02-24,91.849998,91.910004,90.699997,91.459999,4534100,86.878505
2016-02-25,91.529999,92.480003,91.360001,92.449997,3146400,87.818911
2016-02-26,92.540001,92.870003,91.110001,91.449997,4025100,86.869004
2016-02-29,91.0,91.769997,90.480003,91.029999,4697700,86.470044
2016-03-01,91.599998,91.730003,91.019997,91.540001,4489800,86.954499
2016-03-02,91.290001,91.889999,90.790001,91.559998,3258500,86.97349399999999
2016-03-03,91.540001,93.290001,91.309998,93.260002,4144100,88.58834
2016-03-04,93.290001,94.910004,93.25,94.489998,5729300,89.756722
2016-03-07,94.019997,94.190002,93.099998,93.900002,4888800,89.19628
2016-03-08,94.07,94.790001,93.760002,94.449997,5455200,89.718725
2016-03-09,94.870003,96.07,94.660004,96.010002,6544300,91.200585
2016-03-10,95.989998,96.879997,95.75,96.839996,5428700,91.989002
2016-03-11,96.989998,97.150002,96.059998,96.489998,7202800,91.656536
2016-03-14,96.58000200000001,97.129997,96.0,96.440002,4625300,91.609045
2016-03-15,95.910004,96.699997,95.800003,96.440002,5039700,91.609045
2016-03-16,96.410004,97.360001,95.650002,97.18,3936900,92.311975
2016-03-17,97.290001,99.33000200000001,97.290001,98.900002,7378200,93.94581600000001
2016-03-18,99.029999,99.239998,97.91999799999999,98.16999799999999,9472700,93.252381
2016-03-21,98.08000200000001,98.82,97.760002,98.589996,3784300,93.65134
2016-03-22,97.339996,97.690002,96.43,96.739998,3655200,92.854677
2016-03-23,96.739998,97.290001,96.279999,97.07,3028900,93.171425
2016-03-24,97.040001,97.599998,96.660004,97.57,3674800,93.651344
2016-03-28,97.860001,98.209999,97.41999799999999,97.860001,3206800,93.929698
2016-03-29,98.019997,98.889999,97.370003,98.860001,5005300,94.889535
2016-03-30,99.029999,99.529999,98.639999,98.690002,3405300,94.726365
2016-03-31,98.529999,99.010002,98.010002,98.110001,4380300,94.169657
2016-04-01,97.769997,99.83000200000001,97.550003,99.75,4184600,95.74379
2016-04-04,99.959999,100.480003,99.470001,100.360001,4198200,96.32929200000001
2016-04-05,100.0,100.410004,99.879997,100.260002,3524300,96.23330899999999
2016-04-06,100.33000200000001,101.309998,100.209999,101.16999799999999,4763300,97.106758
2016-04-07,101.089996,101.150002,100.190002,100.58000200000001,3681000,96.54045699999999
2016-04-08,100.809998,100.949997,100.440002,100.879997,3710200,96.828404
2016-04-11,101.279999,101.800003,100.089996,100.33000200000001,4943700,96.300498
2016-04-12,100.470001,101.82,100.410004,101.629997,4464100,97.548282
2016-04-13,101.889999,102.0,99.370003,100.33000200000001,5404200,96.300498
2016-04-14,100.400002,101.480003,99.559998,99.760002,4302400,95.75339100000001
2016-04-15,99.870003,100.480003,99.18,100.110001,6298100,96.089332
2016-04-18,100.110001,101.389999,99.779999,100.599998,4926000,96.559651
2016-04-19,98.650002,99.730003,97.08000200000001,99.279999,7394400,95.292665
2016-04-20,98.889999,99.230003,98.0,98.129997,4209600,94.188851
2016-04-21,97.82,98.040001,95.910004,96.41999799999999,5090800,92.54753000000001
2016-04-22,96.599998,96.970001,96.129997,96.91999799999999,3660600,93.02744799999999
2016-04-25,96.589996,97.540001,96.209999,97.529999,3251100,93.61295
2016-04-26,97.93,98.089996,96.93,97.239998,3714600,93.33459599999999
2016-04-27,97.370003,98.230003,96.410004,97.269997,3708500,93.36339
2016-04-28,96.610001,97.940002,96.5,97.349998,3207700,93.440179
2016-04-29,97.41999799999999,98.58000200000001,97.410004,98.120003,4268300,94.17925799999999
2016-05-02,98.41999799999999,98.879997,97.889999,98.559998,2899600,94.60158100000001
2016-05-03,98.480003,98.849998,97.970001,98.519997,2673000,94.563187
2016-05-04,97.91999799999999,98.940002,97.510002,98.779999,3159400,94.812747
2016-05-05,99.309998,99.989998,98.739998,99.18,5751400,95.196683
2016-05-06,99.230003,100.400002,99.199997,100.32,4044700,96.290897
2016-05-09,100.349998,100.650002,100.019997,100.389999,4491700,96.358086
2016-05-10,100.5,101.93,100.400002,101.889999,3117900,97.797842
2016-05-11,101.879997,102.379997,101.660004,101.800003,3380000,97.71146
2016-05-12,101.910004,102.550003,101.610001,102.18,4916100,98.076196
2016-05-13,101.730003,102.389999,100.68,100.889999,3066700,96.838004
2016-05-16,100.839996,101.940002,100.309998,101.709999,3001100,97.62507099999999
2016-05-17,101.18,101.480003,99.18,99.839996,4346600,95.83017199999999
2016-05-18,99.800003,99.91999799999999,98.41999799999999,98.949997,3408500,94.97591700000001
2016-05-19,98.540001,98.599998,97.199997,98.360001,3466900,94.409617
2016-05-20,98.66999799999999,98.690002,97.83000200000001,98.040001,3369500,94.102469
2016-05-23,98.059998,98.41999799999999,97.730003,98.279999,2365400,94.332828
2016-05-24,98.709999,99.370003,98.589996,98.839996,3074400,94.870335
2016-05-25,98.66999799999999,99.5,98.650002,99.050003,2543100,95.071907
2016-05-26,99.050003,99.16999799999999,98.459999,99.010002,2350500,95.033513
2016-05-27,99.099998,99.349998,98.709999,99.18,2030200,95.196683
2016-05-31,99.32,99.599998,98.16999799999999,98.68,5706400,94.716764
2016-06-01,98.68,99.540001,98.41999799999999,99.400002,3472700,95.407849
2016-06-02,99.139999,99.370003,98.879997,99.260002,2523200,95.273472
2016-06-03,99.559998,101.220001,99.510002,101.120003,4792500,97.05877
2016-06-06,101.220001,101.690002,100.019997,100.32,5121100,96.290897
2016-06-07,100.459999,100.910004,100.220001,100.459999,5551400,96.425274
2016-06-08,100.25,101.720001,100.199997,101.720001,4124400,97.634671
2016-06-09,101.279999,102.010002,100.760002,101.779999,4229900,97.69225899999999
2016-06-10,101.129997,101.589996,100.779999,101.300003,3608200,97.231541
2016-06-13,100.879997,101.589996,100.510002,100.57,3566000,96.530857
2016-06-14,100.139999,100.16999799999999,99.18,99.889999,5161100,95.878167
2016-06-15,100.150002,100.300003,99.25,99.650002,3780100,95.647808
2016-06-16,99.620003,100.260002,98.970001,100.150002,4575200,96.12772700000001
2016-06-17,100.360001,101.0,99.629997,100.730003,6393800,96.684434
2016-06-20,101.300003,101.910004,101.18,101.550003,5045300,97.471501
2016-06-21,100.879997,101.139999,100.459999,100.849998,5413800,97.781756
2016-06-22,101.0,101.769997,100.860001,101.029999,3504300,97.95628
2016-06-23,101.66999799999999,101.910004,101.019997,101.900002,2722800,98.799814
2016-06-24,99.150002,100.08000200000001,97.120003,97.709999,14754900,94.737288
2016-06-27,97.339996,98.66999799999999,96.889999,98.199997,8140200,95.212378
2016-06-28,98.910004,99.0,97.08000200000001,98.540001,6146600,95.542038
2016-06-29,98.809998,99.199997,98.150002,98.620003,4488400,95.619606
2016-06-30,99.089996,101.900002,98.93,101.720001,7545500,98.62529
2016-07-01,101.720001,102.300003,101.129997,101.279999,4767800,98.198674
2016-07-05,101.300003,103.150002,101.269997,102.239998,5932400,99.129467
2016-07-06,102.300003,102.83000200000001,101.190002,102.360001,4240500,99.245818
2016-07-07,102.58000200000001,102.910004,101.660004,101.779999,3143000,98.683462
2016-07-08,102.339996,103.160004,101.75,103.089996,3403800,99.95360500000001
2016-07-11,102.980003,103.66999799999999,102.099998,103.379997,4040100,100.234783
2016-07-12,103.33000200000001,103.82,102.75,102.900002,3669000,99.76939
2016-07-13,102.699997,103.339996,102.410004,103.239998,4013800,100.09904300000001
2016-07-14,103.379997,103.660004,102.739998,103.190002,3059800,100.050568
2016-07-15,103.410004,104.199997,103.18,103.629997,3531900,100.477177
2016-07-18,103.489998,103.730003,102.900002,103.0,4446500,99.86634699999999
2016-07-19,100.5,100.5,98.699997,99.889999,10017800,96.850964
2016-07-20,100.379997,101.099998,99.519997,99.650002,5622900,96.618268
2016-07-21,99.769997,99.769997,98.370003,99.41999799999999,6596300,96.395262
2016-07-22,99.32,99.910004,99.239998,99.839996,3843600,96.802482
2016-07-25,99.82,100.139999,99.410004,99.709999,2957700,96.67644
2016-07-26,99.849998,100.0,98.720001,98.959999,4126200,95.949258
2016-07-27,98.980003,99.0,97.139999,97.33000200000001,7059000,94.368851
2016-07-28,97.360001,99.25,96.949997,99.099998,6361100,96.084998
2016-07-29,99.290001,100.400002,98.620003,100.260002,5582100,97.20971
2016-08-01,99.739998,100.379997,99.279999,100.150002,4341600,97.10305600000001
2016-08-02,100.120003,100.269997,99.489998,99.970001,3923100,96.92853199999999
2016-08-03,99.620003,99.91999799999999,98.639999,99.029999,3727100,96.017128
2016-08-04,99.360001,99.550003,98.900002,99.0,3873700,95.98804200000001
2016-08-05,99.0,99.489998,98.639999,98.93,5777700,95.920172
2016-08-08,98.779999,99.519997,98.239998,98.550003,3888200,95.551735
2016-08-09,98.66999799999999,99.230003,98.389999,98.400002,3462800,95.40629799999999
2016-08-10,98.900002,99.870003,98.699997,99.16999799999999,3321000,96.15286800000001
2016-08-11,99.489998,99.91999799999999,98.83000200000001,98.860001,2999600,95.85230200000001
2016-08-12,99.529999,99.970001,98.980003,99.0,3060100,95.98804200000001
2016-08-15,99.139999,99.18,98.540001,98.610001,5256700,95.60990799999999
2016-08-16,98.41999799999999,99.660004,98.400002,99.470001,3374500,96.443744
2016-08-17,99.699997,100.379997,99.449997,100.290001,3894400,97.238796
2016-08-18,100.07,100.349998,99.82,100.339996,3256600,97.28726999999999
2016-08-19,100.040001,100.120003,99.540001,99.93,2912400,96.889748
2016-08-22,99.959999,100.190002,99.699997,100.120003,2380400,97.07396999999999
2016-08-23,100.25,100.58000200000001,100.150002,100.389999,2101400,97.335752
2016-08-24,100.129997,100.370003,99.400002,100.129997,2839300,97.08366
2016-08-25,100.199997,100.199997,99.440002,99.839996,2397600,96.802482
2016-08-26,99.959999,100.480003,98.860001,99.099998,2778300,96.084998
2016-08-29,99.08000200000001,100.32,99.059998,100.260002,3024500,97.20971
2016-08-30,100.059998,100.25,99.550003,99.970001,2276600,96.92853199999999
2016-08-31,99.91999799999999,100.019997,99.32,99.93,3143300,96.889748
2016-09-01,99.800003,100.66999799999999,99.610001,100.620003,3314400,97.558758
2016-09-02,100.959999,102.099998,100.870003,101.769997,3531400,98.673765
2016-09-06,101.660004,102.379997,101.440002,102.360001,3376200,99.245818
2016-09-07,102.0,102.25,101.550003,102.089996,2959000,98.984029
2016-09-08,102.099998,102.199997,100.879997,101.32,3725200,98.23745799999999
2016-09-09,100.639999,100.980003,97.540001,97.540001,7231500,94.572461
2016-09-12,98.019997,100.989998,97.910004,100.639999,6335900,97.57814599999999
2016-09-13,99.980003,100.480003,98.519997,98.93,4377800,95.920172
2016-09-14,99.16999799999999,99.480003,98.279999,98.620003,4134900,95.619606
2016-09-15,98.370003,100.0,98.370003,99.75,3870900,96.71522399999999
2016-09-16,99.220001,99.370003,98.489998,98.839996,5852300,95.83290600000001
2016-09-19,99.089996,99.629997,98.769997,98.82,2530200,95.813518
2016-09-20,99.199997,99.959999,98.839996,99.209999,2759400,96.191652
2016-09-21,99.470001,100.949997,99.059998,100.650002,4491500,97.58784399999999
2016-09-22,101.089996,102.089996,101.0,101.720001,4363800,98.62529
2016-09-23,101.599998,101.949997,101.019997,101.529999,3763500,98.441068
2016-09-26,100.43,100.43,99.059998,99.139999,4534200,97.118596
2016-09-27,99.41999799999999,99.510002,98.639999,99.33000200000001,3338700,97.304725
2016-09-28,99.559998,99.709999,98.900002,99.410004,3974100,97.383096
2016-09-29,99.529999,99.550003,97.68,97.779999,5462500,95.786325
2016-09-30,98.230003,98.699997,97.120003,97.220001,7048600,95.237746
2016-10-03,97.349998,98.010002,97.110001,97.41999799999999,4881200,95.433665
2016-10-04,97.209999,97.629997,96.059998,96.099998,5558900,94.140579
2016-10-05,96.300003,96.459999,95.370003,95.68,4646400,93.72914499999999
2016-10-06,95.230003,96.040001,95.0,95.639999,3175200,93.689959
2016-10-07,95.889999,96.559998,95.699997,96.019997,4056300,94.062209
2016-10-10,96.440002,96.629997,96.089996,96.25,2205500,94.287522
2016-10-11,96.199997,96.25,95.150002,95.519997,4611400,93.57240300000001
2016-10-12,95.540001,96.43,95.400002,96.089996,4133900,94.130781
2016-10-13,95.93,96.68,95.440002,96.199997,4769000,94.238539
2016-10-14,96.33000200000001,96.739998,95.82,95.83000200000001,3156300,93.876088
2016-10-17,95.83000200000001,95.980003,95.260002,95.510002,4097900,93.562613
2016-10-18,96.970001,97.099998,95.91999799999999,96.559998,6262300,94.591199
2016-10-19,96.230003,96.769997,95.690002,95.980003,5552000,94.023031
2016-10-20,95.959999,96.290001,95.440002,95.57,3872600,93.621387
2016-10-21,95.91999799999999,97.290001,95.800003,96.309998,5274800,94.34629699999999
2016-10-24,96.790001,97.010002,96.410004,96.910004,4105300,94.934069
2016-10-25,97.150002,97.150002,96.239998,96.58000200000001,3456300,94.610796
2016-10-26,96.58000200000001,96.970001,95.839996,96.050003,3312900,94.091603
2016-10-27,96.32,96.889999,95.68,95.779999,3612900,93.827104
2016-10-28,96.110001,96.730003,95.779999,96.309998,4147000,94.34629699999999
2016-10-31,96.480003,96.5,96.040001,96.440002,3327200,94.473651
2016-11-01,96.629997,96.739998,95.75,96.08000200000001,3978500,94.12099
2016-11-02,96.139999,96.519997,95.900002,96.050003,3820900,94.091603
2016-11-03,96.290001,96.58000200000001,95.879997,96.230003,2569900,94.267933
2016-11-04,96.150002,96.589996,95.33000200000001,95.489998,3138800,93.54301600000001
2016-11-07,96.370003,97.349998,96.300003,97.33000200000001,4785200,95.345504
2016-11-08,97.199997,98.209999,97.199997,97.860001,3227000,95.864696
2016-11-09,96.040001,96.07,93.099998,94.349998,8933900,92.426261
2016-11-10,92.709999,92.989998,90.019997,90.5,14941100,88.654761
2016-11-11,90.459999,90.760002,88.699997,88.949997,7938900,87.136362
2016-11-14,89.199997,89.410004,86.900002,87.33000200000001,12032500,85.549397
2016-11-15,87.5,88.279999,87.230003,87.5,8715900,85.715929
2016-11-16,87.790001,88.720001,87.379997,87.91999799999999,8201800,86.127364
2016-11-17,88.050003,89.739998,87.940002,89.269997,8751100,87.449837
2016-11-18,89.379997,89.82,88.269997,89.089996,6471000,87.273507
2016-11-21,89.089996,89.68,88.959999,89.620003,5408600,87.792707
2016-11-22,89.900002,90.239998,89.199997,90.0,4837600,88.164956
2016-11-23,89.75,89.75,88.540001,88.889999,4896600,87.077588
2016-11-25,88.91999799999999,89.510002,88.91999799999999,89.290001,3850500,87.469433
2016-11-28,89.370003,90.349998,89.290001,90.239998,5077200,88.40006
2016-11-29,90.129997,90.620003,90.0,90.599998,4130700,88.752721
2016-11-30,90.18,90.610001,88.25,88.279999,8426700,86.480025
2016-12-01,87.849998,88.099998,86.779999,87.769997,6168900,85.98042099999999
2016-12-02,88.160004,88.699997,87.639999,88.08000200000001,4818400,86.28410500000001
2016-12-05,87.91999799999999,88.32,87.57,87.769997,5204400,85.98042099999999
2016-12-06,87.730003,88.470001,87.66999799999999,88.18,3541800,86.382065
2016-12-07,88.309998,89.889999,87.900002,89.870003,4960600,88.037609
2016-12-08,89.360001,89.800003,88.709999,89.389999,4247100,87.56739300000001
2016-12-09,89.519997,90.529999,89.400002,90.239998,4298000,88.40006
2016-12-12,90.41999799999999,91.050003,90.339996,90.82,3805100,88.968236
2016-12-13,91.110001,92.160004,91.010002,92.029999,4900400,90.153564
2016-12-14,92.260002,92.629997,90.209999,90.720001,6652000,88.870277
2016-12-15,90.290001,90.769997,89.75,89.900002,5550500,88.066996
2016-12-16,90.08000200000001,91.43,89.620003,91.309998,7723600,89.448243
2016-12-19,91.550003,91.550003,90.690002,91.459999,4334400,89.595187
2016-12-20,90.41999799999999,90.730003,88.900002,90.699997,4586800,89.87263
2016-12-21,90.760002,91.690002,90.639999,91.309998,4294400,90.47706600000001
2016-12-22,91.010002,91.66999799999999,90.760002,91.610001,3682200,90.774333
2016-12-23,91.730003,91.739998,91.279999,91.58000200000001,2547100,90.744608
2016-12-27,91.529999,91.790001,91.089996,91.33000200000001,1990800,90.496888
2016-12-28,91.029999,91.32,90.610001,90.940002,2290700,90.110446
2016-12-29,90.949997,92.0,90.75,91.730003,3107600,90.893241
2016-12-30,91.790001,92.150002,91.300003,91.489998,3314600,90.655425
2017-01-03,91.790001,92.0,90.91999799999999,91.230003,5020900,90.397802
2017-01-04,90.529999,91.120003,90.120003,90.41999799999999,6695000,89.595186
2017-01-05,90.690002,91.760002,90.529999,91.129997,4840100,90.29870799999999
2017-01-06,91.389999,91.959999,90.730003,91.839996,3826100,91.00223100000001
2017-01-09,91.089996,91.440002,90.83000200000001,91.309998,3456800,90.47706600000001
2017-01-10,91.660004,91.660004,90.309998,90.519997,4203400,89.694272
2017-01-11,90.650002,90.959999,90.33000200000001,90.440002,3603500,89.61500699999999
2017-01-12,90.449997,90.860001,90.25,90.510002,3000700,89.68436899999999
2017-01-13,90.41999799999999,90.699997,89.970001,90.400002,3054600,89.57537099999999
2017-01-17,90.629997,92.559998,90.150002,92.360001,6363300,91.517491
2017-01-18,92.599998,93.519997,92.540001,93.489998,5236800,92.63718100000001
2017-01-19,93.360001,93.970001,93.230003,93.849998,5563300,92.993897
2017-01-20,94.129997,94.68,94.07,94.57,5628700,93.70733100000001
2017-01-23,94.610001,94.809998,94.32,94.760002,3350300,93.8956
2017-01-24,94.91999799999999,95.940002,94.879997,95.779999,4945300,94.90629200000001
2017-01-25,95.66999799999999,96.970001,95.489998,96.389999,5353000,95.510728
2017-01-26,96.559998,96.889999,96.260002,96.360001,3524500,95.481003
2017-01-27,96.58000200000001,96.839996,95.83000200000001,96.32,3055200,95.441367
2017-01-30,96.510002,96.519997,95.629997,95.959999,3403200,95.08465100000001
2017-01-31,96.110001,96.389999,95.75,96.129997,4173400,95.253098
2017-02-01,95.610001,97.0,95.199997,95.949997,5263800,95.07474
2017-02-02,97.93,99.32,97.25,98.839996,6169600,97.938377
2017-02-03,99.18,101.43,99.099998,101.110001,6655200,100.187674
2017-02-06,100.83000200000001,100.839996,99.91999799999999,100.0,5905700,99.087799
2017-02-07,100.0,101.779999,99.940002,101.629997,5450100,100.702927
2017-02-08,101.449997,102.989998,101.389999,102.629997,4881500,101.693805
2017-02-09,102.33000200000001,102.910004,101.730003,102.769997,3125800,101.832527
2017-02-10,102.32,102.839996,101.790001,102.629997,3412700,101.693805
2017-02-13,102.809998,103.129997,102.199997,102.730003,2886500,101.792899
2017-02-14,102.66999799999999,102.889999,101.790001,102.58000200000001,3311900,101.644266
2017-02-15,102.290001,103.040001,101.769997,102.93,3396000,101.99107099999999
2017-02-16,102.900002,103.129997,102.32,102.989998,4888600,102.050522
2017-02-17,102.93,103.730003,102.769997,103.660004,5093000,102.714416
2017-02-21,103.370003,104.75,103.050003,104.559998,4570200,103.6062
2017-02-22,104.489998,104.870003,103.800003,104.529999,3660500,103.576475
2017-02-23,104.949997,106.66999799999999,104.760002,106.519997,4286100,105.54831999999999
2017-02-24,106.440002,107.769997,105.800003,107.720001,5549700,106.737378
2017-02-27,107.529999,108.900002,107.230003,108.699997,5557300,107.70843400000001
2017-02-28,108.309998,109.989998,108.300003,109.349998,7336600,108.352506
2017-03-01,109.0,110.300003,108.68,110.220001,5140700,109.214573
2017-03-02,110.0,110.300003,109.519997,109.800003,4419500,108.798406
2017-03-03,109.610001,110.25,109.269997,110.209999,3722400,109.20466200000001
2017-03-06,109.809998,110.16999799999999,109.459999,109.730003,7192100,108.729045
2017-03-07,109.519997,110.639999,109.5,110.550003,3929100,109.541564
2017-03-08,110.190002,110.5,109.389999,109.720001,3681100,108.71913400000001
2017-03-09,109.980003,110.5,109.709999,110.279999,3465900,109.274023
2017-03-10,110.5,110.709999,110.099998,110.540001,5141600,109.531653
2017-03-13,110.66999799999999,111.099998,110.389999,111.019997,3166300,110.007271
2017-03-14,110.720001,111.379997,110.41999799999999,110.769997,3518600,109.759551
2017-03-15,111.0,112.760002,110.959999,112.41999799999999,3665600,111.394501
2017-03-16,112.800003,112.949997,112.029999,112.699997,4002000,111.67194599999999
2017-03-17,113.199997,114.459999,112.730003,113.0,8831000,111.96921200000001
2017-03-20,113.040001,114.110001,113.0,114.010002,5682600,112.970001
2017-03-21,113.300003,114.650002,113.190002,113.489998,6947200,113.489998
2017-03-22,113.900002,114.099998,112.849998,113.0,5343100,113.0
2017-03-23,112.83000200000001,113.809998,112.68,112.949997,4522100,112.949997
2017-03-24,112.32,112.32,110.010002,111.790001,6601600,111.790001
2017-03-27,111.230003,112.57,110.800003,112.379997,4521600,112.379997
2017-03-28,112.139999,112.949997,111.589996,112.800003,4000900,112.800003
2017-03-29,112.739998,113.529999,112.470001,113.400002,3557000,113.400002
